"Time","Internet traffic data (in bits) from a private ISP with centres in 11 European cities. The data corresponds to a transatlantic link and was collected from 06:57 hours on 7 June to 11:17 hours on 31 July 2005. Hourly data."
"2005-06-07 07:00:00",56718587433
"2005-06-07 08:00:00",76456162968
"2005-06-07 09:00:00",82534038485
"2005-06-07 10:00:00",88796995092
"2005-06-07 11:00:00",90247922345
"2005-06-07 12:00:00",90146117117
"2005-06-07 13:00:00",90457410673
"2005-06-07 14:00:00",89967660859
"2005-06-07 15:00:00",87211742250
"2005-06-07 16:00:00",73610634839
"2005-06-07 17:00:00",56695326238
"2005-06-07 18:00:00",48110601866
"2005-06-07 19:00:00",44406878766
"2005-06-07 20:00:00",43050199070
"2005-06-07 21:00:00",36961508495
"2005-06-07 22:00:00",31555022712
"2005-06-07 23:00:00",27467342825
"2005-06-08 00:00:00",25041832565
"2005-06-08 01:00:00",21160963384
"2005-06-08 02:00:00",19820358830
"2005-06-08 03:00:00",19088172849
"2005-06-08 04:00:00",23204098006
"2005-06-08 05:00:00",26290215100
"2005-06-08 06:00:00",42380697686
"2005-06-08 07:00:00",70062696507
"2005-06-08 08:00:00",80545779973
"2005-06-08 09:00:00",92844295517
"2005-06-08 10:00:00",96880965179
"2005-06-08 11:00:00",90932927706
"2005-06-08 12:00:00",91291134373
"2005-06-08 13:00:00",91713661478
"2005-06-08 14:00:00",90959467260
"2005-06-08 15:00:00",79385942062
"2005-06-08 16:00:00",62489604464
"2005-06-08 17:00:00",56243244765
"2005-06-08 18:00:00",50040519394
"2005-06-08 19:00:00",46874882633
"2005-06-08 20:00:00",41135776475
"2005-06-08 21:00:00",33502564447
"2005-06-08 22:00:00",28113068984
"2005-06-08 23:00:00",24938212968
"2005-06-09 00:00:00",21893717932
"2005-06-09 01:00:00",20344443618
"2005-06-09 02:00:00",19757922807
"2005-06-09 03:00:00",19588672617
"2005-06-09 04:00:00",21350728448
"2005-06-09 05:00:00",34965445638
"2005-06-09 06:00:00",58397356904
"2005-06-09 07:00:00",79198224742
"2005-06-09 08:00:00",89726734078
"2005-06-09 09:00:00",92701958472
"2005-06-09 10:00:00",89941544749
"2005-06-09 11:00:00",93225272251
"2005-06-09 12:00:00",93840519305
"2005-06-09 13:00:00",91765453742
"2005-06-09 14:00:00",84996841280
"2005-06-09 15:00:00",70779170417
"2005-06-09 16:00:00",53526087319
"2005-06-09 17:00:00",46784929778
"2005-06-09 18:00:00",44815865828
"2005-06-09 19:00:00",43427241554
"2005-06-09 20:00:00",35995811572
"2005-06-09 21:00:00",29517833610
"2005-06-09 22:00:00",25972915242
"2005-06-09 23:00:00",22076654385
"2005-06-10 00:00:00",18612412211
"2005-06-10 01:00:00",17578929475
"2005-06-10 02:00:00",17890609373
"2005-06-10 03:00:00",19914942830
"2005-06-10 04:00:00",24541346137
"2005-06-10 05:00:00",41746859874
"2005-06-10 06:00:00",68945777025
"2005-06-10 07:00:00",83169448382
"2005-06-10 08:00:00",86786075089
"2005-06-10 09:00:00",89042055096
"2005-06-10 10:00:00",86097518435
"2005-06-10 11:00:00",88060769558
"2005-06-10 12:00:00",82790015630
"2005-06-10 13:00:00",77013585468
"2005-06-10 14:00:00",69808192637
"2005-06-10 15:00:00",54702484989
"2005-06-10 16:00:00",44434741117
"2005-06-10 17:00:00",41097148377
"2005-06-10 18:00:00",39589080464
"2005-06-10 19:00:00",38201899367
"2005-06-10 20:00:00",32410734851
"2005-06-10 21:00:00",28470110617
"2005-06-10 22:00:00",24499437605
"2005-06-10 23:00:00",21541009914
"2005-06-11 00:00:00",19911908989
"2005-06-11 01:00:00",19004052140
"2005-06-11 02:00:00",18433033394
"2005-06-11 03:00:00",18084021621
"2005-06-11 04:00:00",18353670284
"2005-06-11 05:00:00",20552677072
"2005-06-11 06:00:00",24742386908
"2005-06-11 07:00:00",29869136393
"2005-06-11 08:00:00",32991125146
"2005-06-11 09:00:00",35455444894
"2005-06-11 10:00:00",34495523400
"2005-06-11 11:00:00",36632467202
"2005-06-11 12:00:00",35770881326
"2005-06-11 13:00:00",36997643697
"2005-06-11 14:00:00",37444324377
"2005-06-11 15:00:00",36945904309
"2005-06-11 16:00:00",35656883587
"2005-06-11 17:00:00",35206119914
"2005-06-11 18:00:00",35164625350
"2005-06-11 19:00:00",33085234266
"2005-06-11 20:00:00",28991038667
"2005-06-11 21:00:00",24844352190
"2005-06-11 22:00:00",21479091992
"2005-06-11 23:00:00",19603190408
"2005-06-12 00:00:00",18765174985
"2005-06-12 01:00:00",16295678345
"2005-06-12 02:00:00",16022404241
"2005-06-12 03:00:00",16154259012
"2005-06-12 04:00:00",17434601715
"2005-06-12 05:00:00",20183967438
"2005-06-12 06:00:00",25017333853
"2005-06-12 07:00:00",30089422165
"2005-06-12 08:00:00",34186421348
"2005-06-12 09:00:00",36615951807
"2005-06-12 10:00:00",38454819133
"2005-06-12 11:00:00",38957771195
"2005-06-12 12:00:00",40538801266
"2005-06-12 13:00:00",40119118153
"2005-06-12 14:00:00",41730502477
"2005-06-12 15:00:00",42286115273
"2005-06-12 16:00:00",41372927933
"2005-06-12 17:00:00",42151163877
"2005-06-12 18:00:00",42029366021
"2005-06-12 19:00:00",33338929671
"2005-06-12 20:00:00",27221185797
"2005-06-12 21:00:00",23613482427
"2005-06-12 22:00:00",20130386547
"2005-06-12 23:00:00",17068709687
"2005-06-13 00:00:00",16717288042
"2005-06-13 01:00:00",17050885445
"2005-06-13 02:00:00",19849378963
"2005-06-13 03:00:00",26323638271
"2005-06-13 04:00:00",47692598805
"2005-06-13 05:00:00",75061698229
"2005-06-13 06:00:00",89058955033
"2005-06-13 07:00:00",93952016151
"2005-06-13 08:00:00",92248529591
"2005-06-13 09:00:00",93884315303
"2005-06-13 10:00:00",98598194622
"2005-06-13 11:00:00",94918072018
"2005-06-13 12:00:00",90368765813
"2005-06-13 13:00:00",78076676092
"2005-06-13 14:00:00",62318169327
"2005-06-13 15:00:00",51011542751
"2005-06-13 16:00:00",47819673805
"2005-06-13 17:00:00",45060857356
"2005-06-13 18:00:00",40896550588
"2005-06-13 19:00:00",34544386635
"2005-06-13 20:00:00",28278552858
"2005-06-13 21:00:00",24330862179
"2005-06-13 22:00:00",20038401630
"2005-06-13 23:00:00",13243525260
"2005-06-14 00:00:00",14970999483
"2005-06-14 01:00:00",15888675868
"2005-06-14 02:00:00",18839447601
"2005-06-14 03:00:00",29402021969
"2005-06-14 04:00:00",46682541126
"2005-06-14 05:00:00",64840863534
"2005-06-14 06:00:00",67763783854
"2005-06-14 07:00:00",70248139596
"2005-06-14 08:00:00",70026453084
"2005-06-14 09:00:00",70568256009
"2005-06-14 10:00:00",71265483811
"2005-06-14 11:00:00",71406790650
"2005-06-14 12:00:00",64732717911
"2005-06-14 13:00:00",55667838233
"2005-06-14 14:00:00",45870254054
"2005-06-14 15:00:00",40480322370
"2005-06-14 16:00:00",37717989977
"2005-06-14 17:00:00",35932317820
"2005-06-14 18:00:00",31474139040
"2005-06-14 19:00:00",27522782661
"2005-06-14 20:00:00",23633185689
"2005-06-14 21:00:00",20701088162
"2005-06-14 22:00:00",18439339209
"2005-06-14 23:00:00",16644480654
"2005-06-15 00:00:00",15660734270
"2005-06-15 01:00:00",19393660673
"2005-06-15 02:00:00",25667771463
"2005-06-15 03:00:00",44702009141
"2005-06-15 04:00:00",68746193884
"2005-06-15 05:00:00",81341466591
"2005-06-15 06:00:00",91415442331
"2005-06-15 07:00:00",91471390750
"2005-06-15 08:00:00",91698324032
"2005-06-15 09:00:00",93240694237
"2005-06-15 10:00:00",93560668007
"2005-06-15 11:00:00",90794943805
"2005-06-15 12:00:00",82403486751
"2005-06-15 13:00:00",67183506201
"2005-06-15 14:00:00",53094988311
"2005-06-15 15:00:00",48985931367
"2005-06-15 16:00:00",50608884438
"2005-06-15 17:00:00",44561928647
"2005-06-15 18:00:00",38084115736
"2005-06-15 19:00:00",31477406883
"2005-06-15 20:00:00",26095179429
"2005-06-15 21:00:00",21487257256
"2005-06-15 22:00:00",20103155471
"2005-06-15 23:00:00",17787623104
"2005-06-16 00:00:00",17164686118
"2005-06-16 01:00:00",20300522867
"2005-06-16 02:00:00",31898994455
"2005-06-16 03:00:00",50531690008
"2005-06-16 04:00:00",73367644616
"2005-06-16 05:00:00",86864820992
"2005-06-16 06:00:00",92231992304
"2005-06-16 07:00:00",88648310194
"2005-06-16 08:00:00",86917235682
"2005-06-16 09:00:00",90947348624
"2005-06-16 10:00:00",90833758016
"2005-06-16 11:00:00",87857104368
"2005-06-16 12:00:00",72980100869
"2005-06-16 13:00:00",56408108018
"2005-06-16 14:00:00",49650093895
"2005-06-16 15:00:00",47768443060
"2005-06-16 16:00:00",42508317784
"2005-06-16 17:00:00",37747595019
"2005-06-16 18:00:00",32399746752
"2005-06-16 19:00:00",26325025621
"2005-06-16 20:00:00",21627312830
"2005-06-16 21:00:00",20091925843
"2005-06-16 22:00:00",18444816637
"2005-06-16 23:00:00",17733633011
"2005-06-17 00:00:00",21068815730
"2005-06-17 01:00:00",23371848947
"2005-06-17 02:00:00",39228407073
"2005-06-17 03:00:00",62040791794
"2005-06-17 04:00:00",76036687597
"2005-06-17 05:00:00",84460696178
"2005-06-17 06:00:00",88148687893
"2005-06-17 07:00:00",85959610796
"2005-06-17 08:00:00",87827729520
"2005-06-17 09:00:00",86380170522
"2005-06-17 10:00:00",80837825162
"2005-06-17 11:00:00",68258441125
"2005-06-17 12:00:00",55279948612
"2005-06-17 13:00:00",44532024422
"2005-06-17 14:00:00",41674109773
"2005-06-17 15:00:00",39795330623
"2005-06-17 16:00:00",37731804120
"2005-06-17 17:00:00",33935116257
"2005-06-17 18:00:00",30750989823
"2005-06-17 19:00:00",25866335811
"2005-06-17 20:00:00",23537275010
"2005-06-17 21:00:00",19892546541
"2005-06-17 22:00:00",17993247580
"2005-06-17 23:00:00",17072051951
"2005-06-18 00:00:00",17464003864
"2005-06-18 01:00:00",18280991947
"2005-06-18 02:00:00",20129960363
"2005-06-18 03:00:00",24297933220
"2005-06-18 04:00:00",28988486108
"2005-06-18 05:00:00",32111458880
"2005-06-18 06:00:00",33188647834
"2005-06-18 07:00:00",33948498595
"2005-06-18 08:00:00",34901406545
"2005-06-18 09:00:00",34200387221
"2005-06-18 10:00:00",33252484732
"2005-06-18 11:00:00",34298425351
"2005-06-18 12:00:00",32780824184
"2005-06-18 13:00:00",32701250725
"2005-06-18 14:00:00",32904910111
"2005-06-18 15:00:00",33233555866
"2005-06-18 16:00:00",32345769427
"2005-06-18 17:00:00",28613426442
"2005-06-18 18:00:00",26075574488
"2005-06-18 19:00:00",23501583388
"2005-06-18 20:00:00",20933264119
"2005-06-18 21:00:00",18261475109
"2005-06-18 22:00:00",17509082781
"2005-06-18 23:00:00",17441156446
"2005-06-19 00:00:00",16939250253
"2005-06-19 01:00:00",17636476728
"2005-06-19 02:00:00",20066593160
"2005-06-19 03:00:00",24111654735
"2005-06-19 04:00:00",29049545420
"2005-06-19 05:00:00",32633749081
"2005-06-19 06:00:00",33161406521
"2005-06-19 07:00:00",34189107029
"2005-06-19 08:00:00",33809448266
"2005-06-19 09:00:00",34698154299
"2005-06-19 10:00:00",35193072263
"2005-06-19 11:00:00",36253566359
"2005-06-19 12:00:00",36403966133
"2005-06-19 13:00:00",38217780559
"2005-06-19 14:00:00",39458073129
"2005-06-19 15:00:00",38298035420
"2005-06-19 16:00:00",34267973834
"2005-06-19 17:00:00",28731422198
"2005-06-19 18:00:00",24227249317
"2005-06-19 19:00:00",20166270825
"2005-06-19 20:00:00",17930418286
"2005-06-19 21:00:00",17323729246
"2005-06-19 22:00:00",16997353864
"2005-06-19 23:00:00",18769236944
"2005-06-20 00:00:00",25628529195
"2005-06-20 01:00:00",40272090905
"2005-06-20 02:00:00",65385393850
"2005-06-20 03:00:00",81177675814
"2005-06-20 04:00:00",86953500358
"2005-06-20 05:00:00",89999003212
"2005-06-20 06:00:00",89353133704
"2005-06-20 07:00:00",91720130739
"2005-06-20 08:00:00",92693533335
"2005-06-20 09:00:00",88028637946
"2005-06-20 10:00:00",77916940370
"2005-06-20 11:00:00",62930249732
"2005-06-20 12:00:00",48573944939
"2005-06-20 13:00:00",43681881772
"2005-06-20 14:00:00",45079040820
"2005-06-20 15:00:00",42561941101
"2005-06-20 16:00:00",35301165456
"2005-06-20 17:00:00",29048949293
"2005-06-20 18:00:00",25852728033
"2005-06-20 19:00:00",20240655910
"2005-06-20 20:00:00",19124454023
"2005-06-20 21:00:00",17310410327
"2005-06-20 22:00:00",17763275240
"2005-06-20 23:00:00",19639784058
"2005-06-21 00:00:00",29136134575
"2005-06-21 01:00:00",53482487731
"2005-06-21 02:00:00",75792574816
"2005-06-21 03:00:00",84783523066
"2005-06-21 04:00:00",89979732872
"2005-06-21 05:00:00",90410764791
"2005-06-21 06:00:00",90647459122
"2005-06-21 07:00:00",94351817197
"2005-06-21 08:00:00",93440478269
"2005-06-21 09:00:00",86441097495
"2005-06-21 10:00:00",71610751830
"2005-06-21 11:00:00",55475825052
"2005-06-21 12:00:00",45641548343
"2005-06-21 13:00:00",42998363604
"2005-06-21 14:00:00",41066697564
"2005-06-21 15:00:00",39156302500
"2005-06-21 16:00:00",35711969028
"2005-06-21 17:00:00",26518128134
"2005-06-21 18:00:00",22129294260
"2005-06-21 19:00:00",19814404111
"2005-06-21 20:00:00",17621019256
"2005-06-21 21:00:00",16789547703
"2005-06-21 22:00:00",17412988896
"2005-06-21 23:00:00",22107956308
"2005-06-22 00:00:00",35413766557
"2005-06-22 01:00:00",54202014860
"2005-06-22 02:00:00",73644478378
"2005-06-22 03:00:00",86914692017
"2005-06-22 04:00:00",95130616325
"2005-06-22 05:00:00",94752210602
"2005-06-22 06:00:00",96749758842
"2005-06-22 07:00:00",94146117788
"2005-06-22 08:00:00",87724228491
"2005-06-22 09:00:00",78084068779
"2005-06-22 10:00:00",64873233107
"2005-06-22 11:00:00",52512036299
"2005-06-22 12:00:00",46710108518
"2005-06-22 13:00:00",44723129914
"2005-06-22 14:00:00",43482618734
"2005-06-22 15:00:00",41713417601
"2005-06-22 16:00:00",31604482629
"2005-06-22 17:00:00",26801566292
"2005-06-22 18:00:00",21981436497
"2005-06-22 19:00:00",20051463097
"2005-06-22 20:00:00",18936099883
"2005-06-22 21:00:00",18913543746
"2005-06-22 22:00:00",20086557461
"2005-06-22 23:00:00",27699202389
"2005-06-23 00:00:00",45389140948
"2005-06-23 01:00:00",69957720593
"2005-06-23 02:00:00",79888649565
"2005-06-23 03:00:00",86677746703
"2005-06-23 04:00:00",87027215661
"2005-06-23 05:00:00",84881166263
"2005-06-23 06:00:00",87910755706
"2005-06-23 07:00:00",87255108244
"2005-06-23 08:00:00",84070445882
"2005-06-23 09:00:00",72188104075
"2005-06-23 10:00:00",56562363509
"2005-06-23 11:00:00",44581805266
"2005-06-23 12:00:00",43993848467
"2005-06-23 13:00:00",41782121431
"2005-06-23 14:00:00",38593471070
"2005-06-23 15:00:00",33344338129
"2005-06-23 16:00:00",29331874861
"2005-06-23 17:00:00",24279898678
"2005-06-23 18:00:00",20524184580
"2005-06-23 19:00:00",19410638608
"2005-06-23 20:00:00",19077601022
"2005-06-23 21:00:00",19701841930
"2005-06-23 22:00:00",22623183249
"2005-06-23 23:00:00",33552904831
"2005-06-24 00:00:00",55456589484
"2005-06-24 01:00:00",73746260242
"2005-06-24 02:00:00",80605959026
"2005-06-24 03:00:00",84981800996
"2005-06-24 04:00:00",82944445590
"2005-06-24 05:00:00",82451913391
"2005-06-24 06:00:00",82285249864
"2005-06-24 07:00:00",76092595741
"2005-06-24 08:00:00",66585802405
"2005-06-24 09:00:00",55579238848
"2005-06-24 10:00:00",43930782316
"2005-06-24 11:00:00",40643599482
"2005-06-24 12:00:00",37923558744
"2005-06-24 13:00:00",37171815459
"2005-06-24 14:00:00",32279222458
"2005-06-24 15:00:00",27907221791
"2005-06-24 16:00:00",24107041314
"2005-06-24 17:00:00",20840673538
"2005-06-24 18:00:00",19632573039
"2005-06-24 19:00:00",18085537645
"2005-06-24 20:00:00",17224930160
"2005-06-24 21:00:00",16224642386
"2005-06-24 22:00:00",18080887606
"2005-06-24 23:00:00",19115317113
"2005-06-25 00:00:00",22772737360
"2005-06-25 01:00:00",27603867782
"2005-06-25 02:00:00",31260092052
"2005-06-25 03:00:00",33513163038
"2005-06-25 04:00:00",35307910200
"2005-06-25 05:00:00",35306567451
"2005-06-25 06:00:00",34534541954
"2005-06-25 07:00:00",33251462515
"2005-06-25 08:00:00",34320176507
"2005-06-25 09:00:00",32752584439
"2005-06-25 10:00:00",31816562518
"2005-06-25 11:00:00",34328429859
"2005-06-25 12:00:00",32865579762
"2005-06-25 13:00:00",31448682807
"2005-06-25 14:00:00",29371343347
"2005-06-25 15:00:00",26098256769
"2005-06-25 16:00:00",22684355456
"2005-06-25 17:00:00",20643567540
"2005-06-25 18:00:00",19666781391
"2005-06-25 19:00:00",18160358306
"2005-06-25 20:00:00",17508706619
"2005-06-25 21:00:00",17718034385
"2005-06-25 22:00:00",17899663966
"2005-06-25 23:00:00",19391359768
"2005-06-26 00:00:00",23036453257
"2005-06-26 01:00:00",28863073469
"2005-06-26 02:00:00",32040997197
"2005-06-26 03:00:00",34817157993
"2005-06-26 04:00:00",33390220982
"2005-06-26 05:00:00",34061008560
"2005-06-26 06:00:00",36304257087
"2005-06-26 07:00:00",35827042490
"2005-06-26 08:00:00",34750059478
"2005-06-26 09:00:00",34076320591
"2005-06-26 10:00:00",35134664505
"2005-06-26 11:00:00",35590569103
"2005-06-26 12:00:00",37282051881
"2005-06-26 13:00:00",33453710572
"2005-06-26 14:00:00",29937238932
"2005-06-26 15:00:00",24919876687
"2005-06-26 16:00:00",21130619742
"2005-06-26 17:00:00",18805880633
"2005-06-26 18:00:00",17230086580
"2005-06-26 19:00:00",16513087953
"2005-06-26 20:00:00",16389442102
"2005-06-26 21:00:00",24202012119
"2005-06-26 22:00:00",36449180634
"2005-06-26 23:00:00",60125675774
"2005-06-27 00:00:00",79245814072
"2005-06-27 01:00:00",86819147689
"2005-06-27 02:00:00",92814438632
"2005-06-27 03:00:00",89801318252
"2005-06-27 04:00:00",90664060602
"2005-06-27 05:00:00",93486004831
"2005-06-27 06:00:00",92097889201
"2005-06-27 07:00:00",81970562386
"2005-06-27 08:00:00",66124825683
"2005-06-27 09:00:00",51079672561
"2005-06-27 10:00:00",45976815164
"2005-06-27 11:00:00",43371969975
"2005-06-27 12:00:00",40956068380
"2005-06-27 13:00:00",35726583722
"2005-06-27 14:00:00",30992587167
"2005-06-27 15:00:00",27377954868
"2005-06-27 16:00:00",24519862448
"2005-06-27 17:00:00",21631201121
"2005-06-27 18:00:00",21550451726
"2005-06-27 19:00:00",18531126626
"2005-06-27 20:00:00",19764676464
"2005-06-27 21:00:00",28333709789
"2005-06-27 22:00:00",47114378417
"2005-06-27 23:00:00",70639933712
"2005-06-28 00:00:00",85145696709
"2005-06-28 01:00:00",87394476199
"2005-06-28 02:00:00",91152740687
"2005-06-28 03:00:00",90673456130
"2005-06-28 04:00:00",91889331011
"2005-06-28 05:00:00",92310511811
"2005-06-28 06:00:00",89229669955
"2005-06-28 07:00:00",77415208273
"2005-06-28 08:00:00",62077613482
"2005-06-28 09:00:00",49491253091
"2005-06-28 10:00:00",45890323997
"2005-06-28 11:00:00",43486750561
"2005-06-28 12:00:00",40288682989
"2005-06-28 13:00:00",34315317128
"2005-06-28 14:00:00",30292827588
"2005-06-28 15:00:00",25221238038
"2005-06-28 16:00:00",22414064318
"2005-06-28 17:00:00",20593062894
"2005-06-28 18:00:00",20455793926
"2005-06-28 19:00:00",21481920392
"2005-06-28 20:00:00",24130494773
"2005-06-28 21:00:00",34315452754
"2005-06-28 22:00:00",55679381961
"2005-06-28 23:00:00",77590222158
"2005-06-29 00:00:00",85134163794
"2005-06-29 01:00:00",86776950459
"2005-06-29 02:00:00",87802369654
"2005-06-29 03:00:00",86253412704
"2005-06-29 04:00:00",90199610258
"2005-06-29 05:00:00",88382922934
"2005-06-29 06:00:00",79962014895
"2005-06-29 07:00:00",65558266329
"2005-06-29 08:00:00",51084928967
"2005-06-29 09:00:00",44927478195
"2005-06-29 10:00:00",44404995659
"2005-06-29 11:00:00",42191591661
"2005-06-29 12:00:00",38181375398
"2005-06-29 13:00:00",32220154016
"2005-06-29 14:00:00",26529756951
"2005-06-29 15:00:00",24210973068
"2005-06-29 16:00:00",21312279835
"2005-06-29 17:00:00",19819302609
"2005-06-29 18:00:00",18323092827
"2005-06-29 19:00:00",19497160722
"2005-06-29 20:00:00",26417114909
"2005-06-29 21:00:00",42260870756
"2005-06-29 22:00:00",63307902599
"2005-06-29 23:00:00",79940064327
"2005-06-30 00:00:00",87597102239
"2005-06-30 01:00:00",90684395193
"2005-06-30 02:00:00",88802196088
"2005-06-30 03:00:00",88041084792
"2005-06-30 04:00:00",87985675741
"2005-06-30 05:00:00",85442532863
"2005-06-30 06:00:00",78624265713
"2005-06-30 07:00:00",65603051081
"2005-06-30 08:00:00",51755363851
"2005-06-30 09:00:00",46574468667
"2005-06-30 10:00:00",43216079965
"2005-06-30 11:00:00",40865450755
"2005-06-30 12:00:00",36097850573
"2005-06-30 13:00:00",31578670883
"2005-06-30 14:00:00",26379966003
"2005-06-30 15:00:00",22722343469
"2005-06-30 16:00:00",20192602084
"2005-06-30 17:00:00",19262554209
"2005-06-30 18:00:00",18984156062
"2005-06-30 19:00:00",22737110703
"2005-06-30 20:00:00",29845862355
"2005-06-30 21:00:00",51384458770
"2005-06-30 22:00:00",73517736532
"2005-06-30 23:00:00",84782422467
"2005-07-01 00:00:00",89036232144
"2005-07-01 01:00:00",92507049854
"2005-07-01 02:00:00",91109142089
"2005-07-01 03:00:00",93342649183
"2005-07-01 04:00:00",86995497435
"2005-07-01 05:00:00",82144586631
"2005-07-01 06:00:00",68223520640
"2005-07-01 07:00:00",54738964241
"2005-07-01 08:00:00",45832329649
"2005-07-01 09:00:00",43157627739
"2005-07-01 10:00:00",40426943207
"2005-07-01 11:00:00",39153850256
"2005-07-01 12:00:00",34132877323
"2005-07-01 13:00:00",28741465224
"2005-07-01 14:00:00",24979236321
"2005-07-01 15:00:00",22178685236
"2005-07-01 16:00:00",20560388625
"2005-07-01 17:00:00",19541209903
"2005-07-01 18:00:00",18347297027
"2005-07-01 19:00:00",18883298020
"2005-07-01 20:00:00",19644167721
"2005-07-01 21:00:00",23562593615
"2005-07-01 22:00:00",27860544411
"2005-07-01 23:00:00",31747132945
"2005-07-02 00:00:00",34852588231
"2005-07-02 01:00:00",35615313952
"2005-07-02 02:00:00",35177151656
"2005-07-02 03:00:00",35380512107
"2005-07-02 04:00:00",35414276728
"2005-07-02 05:00:00",34897438075
"2005-07-02 06:00:00",33425047973
"2005-07-02 07:00:00",33505179243
"2005-07-02 08:00:00",33500734444
"2005-07-02 09:00:00",32179702081
"2005-07-02 10:00:00",31001004579
"2005-07-02 11:00:00",28918135146
"2005-07-02 12:00:00",26537343683
"2005-07-02 13:00:00",24332899690
"2005-07-02 14:00:00",20838038220
"2005-07-02 15:00:00",20066572421
"2005-07-02 16:00:00",21626941932
"2005-07-02 17:00:00",17697792389
"2005-07-02 18:00:00",17007445621
"2005-07-02 19:00:00",17393241068
"2005-07-02 20:00:00",18289285493
"2005-07-02 21:00:00",22602862869
"2005-07-02 22:00:00",27335415583
"2005-07-02 23:00:00",31768508536
"2005-07-03 00:00:00",34105599808
"2005-07-03 01:00:00",34129910541
"2005-07-03 02:00:00",34195914565
"2005-07-03 03:00:00",33696048765
"2005-07-03 04:00:00",34980741187
"2005-07-03 05:00:00",36508832356
"2005-07-03 06:00:00",36449512232
"2005-07-03 07:00:00",37151979337
"2005-07-03 08:00:00",38957387754
"2005-07-03 09:00:00",38363078298
"2005-07-03 10:00:00",37126481318
"2005-07-03 11:00:00",33287245492
"2005-07-03 12:00:00",27670783512
"2005-07-03 13:00:00",23613222216
"2005-07-03 14:00:00",20309946658
"2005-07-03 15:00:00",19445100452
"2005-07-03 16:00:00",19943991151
"2005-07-03 17:00:00",20715319155
"2005-07-03 18:00:00",24436408487
"2005-07-03 19:00:00",34262909178
"2005-07-03 20:00:00",60651431871
"2005-07-03 21:00:00",83028042420
"2005-07-03 22:00:00",90074587336
"2005-07-03 23:00:00",95034809583
"2005-07-04 00:00:00",95203332395
"2005-07-04 01:00:00",94863886958
"2005-07-04 02:00:00",99649120069
"2005-07-04 03:00:00",97854731863
"2005-07-04 04:00:00",91224735995
"2005-07-04 05:00:00",77685217824
"2005-07-04 06:00:00",57965829337
"2005-07-04 07:00:00",49214415595
"2005-07-04 08:00:00",46050475722
"2005-07-04 09:00:00",43894171472
"2005-07-04 10:00:00",43266417163
"2005-07-04 11:00:00",33523924253
"2005-07-04 12:00:00",28045054948
"2005-07-04 13:00:00",22929001712
"2005-07-04 14:00:00",20999684290
"2005-07-04 15:00:00",19421959281
"2005-07-04 16:00:00",18374783356
"2005-07-04 17:00:00",18939111824
"2005-07-04 18:00:00",25066377740
"2005-07-04 19:00:00",40546902854
"2005-07-04 20:00:00",66617841692
"2005-07-04 21:00:00",82886796737
"2005-07-04 22:00:00",92328840430
"2005-07-04 23:00:00",97202780921
"2005-07-05 00:00:00",91051447314
"2005-07-05 01:00:00",95053469812
"2005-07-05 02:00:00",94356472916
"2005-07-05 03:00:00",93235514939
"2005-07-05 04:00:00",83570889967
"2005-07-05 05:00:00",68984479663
"2005-07-05 06:00:00",52833479522
"2005-07-05 07:00:00",47572918760
"2005-07-05 08:00:00",44024699323
"2005-07-05 09:00:00",41689067344
"2005-07-05 10:00:00",36765237303
"2005-07-05 11:00:00",29931833265
"2005-07-05 12:00:00",25547007679
"2005-07-05 13:00:00",21845876244
"2005-07-05 14:00:00",21008745537
"2005-07-05 15:00:00",19837515656
"2005-07-05 16:00:00",19480268930
"2005-07-05 17:00:00",23096500808
"2005-07-05 18:00:00",31426115516
"2005-07-05 19:00:00",50826250681
"2005-07-05 20:00:00",73624513356
"2005-07-05 21:00:00",86730883388
"2005-07-05 22:00:00",92711008893
"2005-07-05 23:00:00",96147457620
"2005-07-06 00:00:00",96571328522
"2005-07-06 01:00:00",96888929011
"2005-07-06 02:00:00",96263197420
"2005-07-06 03:00:00",89238921236
"2005-07-06 04:00:00",76235454922
"2005-07-06 05:00:00",60362832437
"2005-07-06 06:00:00",51454083553
"2005-07-06 07:00:00",48165029463
"2005-07-06 08:00:00",44903875405
"2005-07-06 09:00:00",39035488950
"2005-07-06 10:00:00",33655487011
"2005-07-06 11:00:00",29648165372
"2005-07-06 12:00:00",24438126274
"2005-07-06 13:00:00",22378971026
"2005-07-06 14:00:00",21611575949
"2005-07-06 15:00:00",19726354979
"2005-07-06 16:00:00",19351720367
"2005-07-06 17:00:00",23962233047
"2005-07-06 18:00:00",37569876744
"2005-07-06 19:00:00",61091953346
"2005-07-06 20:00:00",80559933693
"2005-07-06 21:00:00",90472737523
"2005-07-06 22:00:00",96967826338
"2005-07-06 23:00:00",95937925681
"2005-07-07 00:00:00",95574841591
"2005-07-07 01:00:00",95157574039
"2005-07-07 02:00:00",92399032931
"2005-07-07 03:00:00",88279687012
"2005-07-07 04:00:00",71562032159
"2005-07-07 05:00:00",54788224492
"2005-07-07 06:00:00",49849027204
"2005-07-07 07:00:00",44651592609
"2005-07-07 08:00:00",42234329703
"2005-07-07 09:00:00",36969284817
"2005-07-07 10:00:00",32349967921
"2005-07-07 11:00:00",27997406012
"2005-07-07 12:00:00",24179615729
"2005-07-07 13:00:00",22957691366
"2005-07-07 14:00:00",23455694261
"2005-07-07 15:00:00",20915595220
"2005-07-07 16:00:00",21668928823
"2005-07-07 17:00:00",28643497279
"2005-07-07 18:00:00",46420775555
"2005-07-07 19:00:00",68582573078
"2005-07-07 20:00:00",84155577910
"2005-07-07 21:00:00",91039580573
"2005-07-07 22:00:00",91745217610
"2005-07-07 23:00:00",87881891401
"2005-07-08 00:00:00",89911120550
"2005-07-08 01:00:00",87796876573
"2005-07-08 02:00:00",79273771496
"2005-07-08 03:00:00",70121954610
"2005-07-08 04:00:00",57074966722
"2005-07-08 05:00:00",45680826860
"2005-07-08 06:00:00",40551305812
"2005-07-08 07:00:00",37389217178
"2005-07-08 08:00:00",35351495392
"2005-07-08 09:00:00",30984959074
"2005-07-08 10:00:00",26881914483
"2005-07-08 11:00:00",24645510941
"2005-07-08 12:00:00",21476349345
"2005-07-08 13:00:00",19671006064
"2005-07-08 14:00:00",19181275055
"2005-07-08 15:00:00",18061403440
"2005-07-08 16:00:00",18909879283
"2005-07-08 17:00:00",19497864780
"2005-07-08 18:00:00",22237621014
"2005-07-08 19:00:00",27372423871
"2005-07-08 20:00:00",31060638523
"2005-07-08 21:00:00",32998646186
"2005-07-08 22:00:00",34599923439
"2005-07-08 23:00:00",34732625697
"2005-07-09 00:00:00",33244570234
"2005-07-09 01:00:00",31479288339
"2005-07-09 02:00:00",32745979823
"2005-07-09 03:00:00",33255061800
"2005-07-09 04:00:00",32689887915
"2005-07-09 05:00:00",32450287761
"2005-07-09 06:00:00",32086226473
"2005-07-09 07:00:00",32210156563
"2005-07-09 08:00:00",32020880958
"2005-07-09 09:00:00",28201980813
"2005-07-09 10:00:00",24614618919
"2005-07-09 11:00:00",23224743320
"2005-07-09 12:00:00",20936348021
"2005-07-09 13:00:00",19487441181
"2005-07-09 14:00:00",18632821237
"2005-07-09 15:00:00",16678781776
"2005-07-09 16:00:00",16891517428
"2005-07-09 17:00:00",17045997976
"2005-07-09 18:00:00",19668423786
"2005-07-09 19:00:00",23723982073
"2005-07-09 20:00:00",28508902774
"2005-07-09 21:00:00",31239179623
"2005-07-09 22:00:00",32984574201
"2005-07-09 23:00:00",32335863856
"2005-07-10 00:00:00",32832310755
"2005-07-10 01:00:00",33975995929
"2005-07-10 02:00:00",36730276972
"2005-07-10 03:00:00",35331705033
"2005-07-10 04:00:00",36346255676
"2005-07-10 05:00:00",38269861752
"2005-07-10 06:00:00",36177835888
"2005-07-10 07:00:00",35449546447
"2005-07-10 08:00:00",32212148577
"2005-07-10 09:00:00",27755464924
"2005-07-10 10:00:00",24130668412
"2005-07-10 11:00:00",20170755930
"2005-07-10 12:00:00",19585498848
"2005-07-10 13:00:00",17965791427
"2005-07-10 14:00:00",18145199140
"2005-07-10 15:00:00",21436676575
"2005-07-10 16:00:00",28573247498
"2005-07-10 17:00:00",51326315157
"2005-07-10 18:00:00",77952491704
"2005-07-10 19:00:00",91336784369
"2005-07-10 20:00:00",97899057325
"2005-07-10 21:00:00",98200826745
"2005-07-10 22:00:00",96137180949
"2005-07-10 23:00:00",98168123070
"2005-07-11 00:00:00",99568330488
"2005-07-11 01:00:00",91547964982
"2005-07-11 02:00:00",79883715170
"2005-07-11 03:00:00",61657668296
"2005-07-11 04:00:00",51585867778
"2005-07-11 05:00:00",47213791798
"2005-07-11 06:00:00",43916146463
"2005-07-11 07:00:00",40897409816
"2005-07-11 08:00:00",34982698512
"2005-07-11 09:00:00",29815232002
"2005-07-11 10:00:00",24546547903
"2005-07-11 11:00:00",22993483495
"2005-07-11 12:00:00",21950124682
"2005-07-11 13:00:00",20987265077
"2005-07-11 14:00:00",22900604084
"2005-07-11 15:00:00",24133695751
"2005-07-11 16:00:00",37547257708
"2005-07-11 17:00:00",65405002170
"2005-07-11 18:00:00",83433602287
"2005-07-11 19:00:00",93525843851
"2005-07-11 20:00:00",98445011416
"2005-07-11 21:00:00",95622462978
"2005-07-11 22:00:00",97108978928
"2005-07-11 23:00:00",100871365956
"2005-07-12 00:00:00",86501816576
"2005-07-12 01:00:00",73814334814
"2005-07-12 02:00:00",78975249172
"2005-07-12 03:00:00",57172622777
"2005-07-12 04:00:00",48610807778
"2005-07-12 05:00:00",43998838956
"2005-07-12 06:00:00",42946609377
"2005-07-12 07:00:00",38632665347
"2005-07-12 08:00:00",33724153910
"2005-07-12 09:00:00",26559307068
"2005-07-12 10:00:00",23846425070
"2005-07-12 11:00:00",23234982290
"2005-07-12 12:00:00",22892308708
"2005-07-12 13:00:00",18788405358
"2005-07-12 14:00:00",20445654193
"2005-07-12 15:00:00",29325633105
"2005-07-12 16:00:00",49956507923
"2005-07-12 17:00:00",74173388264
"2005-07-12 18:00:00",83329446721
"2005-07-12 19:00:00",92467262920
"2005-07-12 20:00:00",92435734756
"2005-07-12 21:00:00",94430078989
"2005-07-12 22:00:00",96861449107
"2005-07-12 23:00:00",96398235524
"2005-07-13 00:00:00",89116873798
"2005-07-13 01:00:00",79448056007
"2005-07-13 02:00:00",49524428935
"2005-07-13 03:00:00",37059450719
"2005-07-13 04:00:00",32102958505
"2005-07-13 05:00:00",31476233353
"2005-07-13 06:00:00",28544235069
"2005-07-13 07:00:00",24306679391
"2005-07-13 08:00:00",21146588137
"2005-07-13 09:00:00",18130726828
"2005-07-13 10:00:00",16100827265
"2005-07-13 11:00:00",14973448906
"2005-07-13 12:00:00",14744472863
"2005-07-13 13:00:00",15943513614
"2005-07-13 14:00:00",18565922668
"2005-07-13 15:00:00",31229699849
"2005-07-13 16:00:00",46402198537
"2005-07-13 17:00:00",65294616938
"2005-07-13 18:00:00",72445080180
"2005-07-13 19:00:00",75682252236
"2005-07-13 20:00:00",72862459379
"2005-07-13 21:00:00",69962557076
"2005-07-13 22:00:00",71850495161
"2005-07-13 23:00:00",73112583514
"2005-07-14 00:00:00",65547978156
"2005-07-14 01:00:00",54002194243
"2005-07-14 02:00:00",49247960599
"2005-07-14 03:00:00",44689344757
"2005-07-14 04:00:00",43134247765
"2005-07-14 05:00:00",41020914480
"2005-07-14 06:00:00",37654951959
"2005-07-14 07:00:00",33043033289
"2005-07-14 08:00:00",28778638425
"2005-07-14 09:00:00",24259773292
"2005-07-14 10:00:00",22656583805
"2005-07-14 11:00:00",21218104983
"2005-07-14 12:00:00",19928280191
"2005-07-14 13:00:00",22223041703
"2005-07-14 14:00:00",26340163244
"2005-07-14 15:00:00",45055441194
"2005-07-14 16:00:00",70534897280
"2005-07-14 17:00:00",81995953100
"2005-07-14 18:00:00",92287290941
"2005-07-14 19:00:00",80499924288
"2005-07-14 20:00:00",73490286924
"2005-07-14 21:00:00",72002318617
"2005-07-14 22:00:00",69552993504
"2005-07-14 23:00:00",58515605313
"2005-07-15 00:00:00",56100712439
"2005-07-15 01:00:00",48723853683
"2005-07-15 02:00:00",42585028901
"2005-07-15 03:00:00",38213503657
"2005-07-15 04:00:00",35495692404
"2005-07-15 05:00:00",34512360016
"2005-07-15 06:00:00",31194620009
"2005-07-15 07:00:00",28214476694
"2005-07-15 08:00:00",24351140844
"2005-07-15 09:00:00",22114328128
"2005-07-15 10:00:00",21638011579
"2005-07-15 11:00:00",20118297099
"2005-07-15 12:00:00",18679282379
"2005-07-15 13:00:00",18804692123
"2005-07-15 14:00:00",19206356546
"2005-07-15 15:00:00",21913628909
"2005-07-15 16:00:00",27778093044
"2005-07-15 17:00:00",30977693116
"2005-07-15 18:00:00",35411242455
"2005-07-15 19:00:00",36968959933
"2005-07-15 20:00:00",35257501733
"2005-07-15 21:00:00",34472591908
"2005-07-15 22:00:00",34214887170
"2005-07-15 23:00:00",34369037595
"2005-07-16 00:00:00",33124089407
"2005-07-16 01:00:00",32825542526
"2005-07-16 02:00:00",33195737949
"2005-07-16 03:00:00",32485917957
"2005-07-16 04:00:00",32346249287
"2005-07-16 05:00:00",31228286001
"2005-07-16 06:00:00",29114144398
"2005-07-16 07:00:00",25169282743
"2005-07-16 08:00:00",23830374656
"2005-07-16 09:00:00",21371000921
"2005-07-16 10:00:00",20784110086
"2005-07-16 11:00:00",18987442558
"2005-07-16 12:00:00",18316354867
"2005-07-16 13:00:00",17292531917
"2005-07-16 14:00:00",17252224793
"2005-07-16 15:00:00",19331174461
"2005-07-16 16:00:00",23647002495
"2005-07-16 17:00:00",27763551796
"2005-07-16 18:00:00",31796429882
"2005-07-16 19:00:00",33643132411
"2005-07-16 20:00:00",32996388916
"2005-07-16 21:00:00",34130695298
"2005-07-16 22:00:00",33642484396
"2005-07-16 23:00:00",33160840812
"2005-07-17 00:00:00",33844286143
"2005-07-17 01:00:00",34882787515
"2005-07-17 02:00:00",36206470090
"2005-07-17 03:00:00",36269421369
"2005-07-17 04:00:00",36700586664
"2005-07-17 05:00:00",32626613915
"2005-07-17 06:00:00",27428492989
"2005-07-17 07:00:00",22562880915
"2005-07-17 08:00:00",20863630987
"2005-07-17 09:00:00",20206569634
"2005-07-17 10:00:00",19159001521
"2005-07-17 11:00:00",17408187996
"2005-07-17 12:00:00",20731990718
"2005-07-17 13:00:00",27387980384
"2005-07-17 14:00:00",50102775195
"2005-07-17 15:00:00",76585391928
"2005-07-17 16:00:00",89988697101
"2005-07-17 17:00:00",93194053770
"2005-07-17 18:00:00",97382191787
"2005-07-17 19:00:00",96117371087
"2005-07-17 20:00:00",94077327632
"2005-07-17 21:00:00",94066358752
"2005-07-17 22:00:00",91308016990
"2005-07-17 23:00:00",81990129700
"2005-07-18 00:00:00",64234716530
"2005-07-18 01:00:00",50767959441
"2005-07-18 02:00:00",45177454672
"2005-07-18 03:00:00",41524708075
"2005-07-18 04:00:00",37812073722
"2005-07-18 05:00:00",33895201299
"2005-07-18 06:00:00",29348020016
"2005-07-18 07:00:00",25622113073
"2005-07-18 08:00:00",22175786673
"2005-07-18 09:00:00",22349838495
"2005-07-18 10:00:00",19667339301
"2005-07-18 11:00:00",19857761059
"2005-07-18 12:00:00",22348110123
"2005-07-18 13:00:00",33309935263
"2005-07-18 14:00:00",58242854374
"2005-07-18 15:00:00",78915317963
"2005-07-18 16:00:00",89615207202
"2005-07-18 17:00:00",96161587336
"2005-07-18 18:00:00",94481761850
"2005-07-18 19:00:00",94865599606
"2005-07-18 20:00:00",96583677005
"2005-07-18 21:00:00",94686427375
"2005-07-18 22:00:00",86711211169
"2005-07-18 23:00:00",74569387128
"2005-07-19 00:00:00",55604439987
"2005-07-19 01:00:00",48298392806
"2005-07-19 02:00:00",47427086298
"2005-07-19 03:00:00",44503593367
"2005-07-19 04:00:00",38808412121
"2005-07-19 05:00:00",32341484208
"2005-07-19 06:00:00",26934482419
"2005-07-19 07:00:00",23596997935
"2005-07-19 08:00:00",20965178114
"2005-07-19 09:00:00",19100967836
"2005-07-19 10:00:00",17988514570
"2005-07-19 11:00:00",21503570237
"2005-07-19 12:00:00",26229146766
"2005-07-19 13:00:00",43835426773
"2005-07-19 14:00:00",68175998866
"2005-07-19 15:00:00",84450039515
"2005-07-19 16:00:00",92556367815
"2005-07-19 17:00:00",96911223062
"2005-07-19 18:00:00",92819380550
"2005-07-19 19:00:00",92939035290
"2005-07-19 20:00:00",92221160709
"2005-07-19 21:00:00",89441701389
"2005-07-19 22:00:00",78901311402
"2005-07-19 23:00:00",63437771613
"2005-07-20 00:00:00",51069589112
"2005-07-20 01:00:00",45726339223
"2005-07-20 02:00:00",44515367345
"2005-07-20 03:00:00",40762926849
"2005-07-20 04:00:00",34982134952
"2005-07-20 05:00:00",29127172218
"2005-07-20 06:00:00",23634627230
"2005-07-20 07:00:00",18480552168
"2005-07-20 08:00:00",17982453518
"2005-07-20 09:00:00",17351783110
"2005-07-20 10:00:00",16497151281
"2005-07-20 11:00:00",18730817768
"2005-07-20 12:00:00",25932611103
"2005-07-20 13:00:00",39150805077
"2005-07-20 14:00:00",51777890693
"2005-07-20 15:00:00",57367307397
"2005-07-20 16:00:00",62037590132
"2005-07-20 17:00:00",61472448101
"2005-07-20 18:00:00",62121645184
"2005-07-20 19:00:00",62872633858
"2005-07-20 20:00:00",60188527856
"2005-07-20 21:00:00",58278688959
"2005-07-20 22:00:00",57343086568
"2005-07-20 23:00:00",54503955198
"2005-07-21 00:00:00",44788105636
"2005-07-21 01:00:00",42968440538
"2005-07-21 02:00:00",40078299728
"2005-07-21 03:00:00",36290223306
"2005-07-21 04:00:00",34109130134
"2005-07-21 05:00:00",25695881218
"2005-07-21 06:00:00",23379724663
"2005-07-21 07:00:00",21104603783
"2005-07-21 08:00:00",20576416229
"2005-07-21 09:00:00",19962475757
"2005-07-21 10:00:00",19470725630
"2005-07-21 11:00:00",22476745270
"2005-07-21 12:00:00",35850723922
"2005-07-21 13:00:00",58020922980
"2005-07-21 14:00:00",73141909567
"2005-07-21 15:00:00",80643120828
"2005-07-21 16:00:00",86148636887
"2005-07-21 17:00:00",82988357519
"2005-07-21 18:00:00",82284139236
"2005-07-21 19:00:00",81316717503
"2005-07-21 20:00:00",73734934224
"2005-07-21 21:00:00",63820256285
"2005-07-21 22:00:00",52299967164
"2005-07-21 23:00:00",42339956158
"2005-07-22 00:00:00",38237747487
"2005-07-22 01:00:00",35559813102
"2005-07-22 02:00:00",33597899791
"2005-07-22 03:00:00",30905266996
"2005-07-22 04:00:00",27713368039
"2005-07-22 05:00:00",26200369285
"2005-07-22 06:00:00",21958407297
"2005-07-22 07:00:00",20175180479
"2005-07-22 08:00:00",19165447162
"2005-07-22 09:00:00",16644366232
"2005-07-22 10:00:00",16278337987
"2005-07-22 11:00:00",16742354809
"2005-07-22 12:00:00",18716663478
"2005-07-22 13:00:00",22497594924
"2005-07-22 14:00:00",25526348130
"2005-07-22 15:00:00",29704462644
"2005-07-22 16:00:00",31322822735
"2005-07-22 17:00:00",32698863456
"2005-07-22 18:00:00",31763644902
"2005-07-22 19:00:00",31045472739
"2005-07-22 20:00:00",30581786232
"2005-07-22 21:00:00",29983816476
"2005-07-22 22:00:00",31896057571
"2005-07-22 23:00:00",30882187833
"2005-07-23 00:00:00",31251819039
"2005-07-23 01:00:00",32258355131
"2005-07-23 02:00:00",29359973855
"2005-07-23 03:00:00",26185236789
"2005-07-23 04:00:00",23469348786
"2005-07-23 05:00:00",22309693844
"2005-07-23 06:00:00",20075397354
"2005-07-23 07:00:00",19221691098
"2005-07-23 08:00:00",17832653323
"2005-07-23 09:00:00",16883076119
"2005-07-23 10:00:00",16167688153
"2005-07-23 11:00:00",16578844817
"2005-07-23 12:00:00",18484792349
"2005-07-23 13:00:00",22663018596
"2005-07-23 14:00:00",26276500498
"2005-07-23 15:00:00",29918449078
"2005-07-23 16:00:00",31326197580
"2005-07-23 17:00:00",32436577747
"2005-07-23 18:00:00",32994264257
"2005-07-23 19:00:00",34141042456
"2005-07-23 20:00:00",34842292936
"2005-07-23 21:00:00",34268417853
"2005-07-23 22:00:00",37810905726
"2005-07-23 23:00:00",37837588841
"2005-07-24 00:00:00",36644275698
"2005-07-24 01:00:00",34820684299
"2005-07-24 02:00:00",30809538536
"2005-07-24 03:00:00",27033229722
"2005-07-24 04:00:00",23205147479
"2005-07-24 05:00:00",19664695104
"2005-07-24 06:00:00",19058262633
"2005-07-24 07:00:00",18348345343
"2005-07-24 08:00:00",17126658258
"2005-07-24 09:00:00",18792841995
"2005-07-24 10:00:00",22304807063
"2005-07-24 11:00:00",38424801971
"2005-07-24 12:00:00",61854579030
"2005-07-24 13:00:00",77562271197
"2005-07-24 14:00:00",85783375658
"2005-07-24 15:00:00",85632719404
"2005-07-24 16:00:00",88732246236
"2005-07-24 17:00:00",89275543506
"2005-07-24 18:00:00",88220756885
"2005-07-24 19:00:00",83875258110
"2005-07-24 20:00:00",73567715392
"2005-07-24 21:00:00",57914144265
"2005-07-24 22:00:00",47824744948
"2005-07-24 23:00:00",43034695326
"2005-07-25 00:00:00",40741178587
"2005-07-25 01:00:00",38017775954
"2005-07-25 02:00:00",36729736233
"2005-07-25 03:00:00",27752909668
"2005-07-25 04:00:00",24481823920
"2005-07-25 05:00:00",20558402612
"2005-07-25 06:00:00",20979267099
"2005-07-25 07:00:00",19569674304
"2005-07-25 08:00:00",18334940266
"2005-07-25 09:00:00",20251644171
"2005-07-25 10:00:00",30493030256
"2005-07-25 11:00:00",50027887375
"2005-07-25 12:00:00",69545662354
"2005-07-25 13:00:00",79581041534
"2005-07-25 14:00:00",84760794806
"2005-07-25 15:00:00",85132217481
"2005-07-25 16:00:00",84637123308
"2005-07-25 17:00:00",86180577242
"2005-07-25 18:00:00",86625195423
"2005-07-25 19:00:00",79993334656
"2005-07-25 20:00:00",67410530584
"2005-07-25 21:00:00",54022708941
"2005-07-25 22:00:00",46295140933
"2005-07-25 23:00:00",44276871634
"2005-07-26 00:00:00",43830147434
"2005-07-26 01:00:00",38076968971
"2005-07-26 02:00:00",34264097050
"2005-07-26 03:00:00",27527284100
"2005-07-26 04:00:00",23723753826
"2005-07-26 05:00:00",21139969709
"2005-07-26 06:00:00",20481178071
"2005-07-26 07:00:00",18891728164
"2005-07-26 08:00:00",22126855232
"2005-07-26 09:00:00",23834352150
"2005-07-26 10:00:00",38270572455
"2005-07-26 11:00:00",57989706046
"2005-07-26 12:00:00",73827420458
"2005-07-26 13:00:00",81738978270
"2005-07-26 14:00:00",83019998179
"2005-07-26 15:00:00",79744882229
"2005-07-26 16:00:00",81718180657
"2005-07-26 17:00:00",82160603679
"2005-07-26 18:00:00",79782104072
"2005-07-26 19:00:00",71501856320
"2005-07-26 20:00:00",56078030507
"2005-07-26 21:00:00",43557871339
"2005-07-26 22:00:00",40830687047
"2005-07-26 23:00:00",39510393783
"2005-07-27 00:00:00",37649064222
"2005-07-27 01:00:00",33989833930
"2005-07-27 02:00:00",29427683147
"2005-07-27 03:00:00",25700932251
"2005-07-27 04:00:00",20035596765
"2005-07-27 05:00:00",19188736058
"2005-07-27 06:00:00",18747469374
"2005-07-27 07:00:00",18414293202
"2005-07-27 08:00:00",21449745576
"2005-07-27 09:00:00",28494310088
"2005-07-27 10:00:00",45979741068
"2005-07-27 11:00:00",65300392265
"2005-07-27 12:00:00",75395673554
"2005-07-27 13:00:00",76030987234
"2005-07-27 14:00:00",78778072390
"2005-07-27 15:00:00",80283723372
"2005-07-27 16:00:00",81380717109
"2005-07-27 17:00:00",78324863891
"2005-07-27 18:00:00",74337632920
"2005-07-27 19:00:00",64392893786
"2005-07-27 20:00:00",50929384433
"2005-07-27 21:00:00",43561191417
"2005-07-27 22:00:00",38845437333
"2005-07-27 23:00:00",37257974284
"2005-07-28 00:00:00",35351585979
"2005-07-28 01:00:00",30903688960
"2005-07-28 02:00:00",26751410412
"2005-07-28 03:00:00",22172601194
"2005-07-28 04:00:00",20373983107
"2005-07-28 05:00:00",20400130074
"2005-07-28 06:00:00",18891927826
"2005-07-28 07:00:00",21366429175
"2005-07-28 08:00:00",21380858488
"2005-07-28 09:00:00",31093052729
"2005-07-28 10:00:00",51528036132
"2005-07-28 11:00:00",69610584123
"2005-07-28 12:00:00",76364975533
"2005-07-28 13:00:00",81281257078

Internet traffic data (in bits) from a private ISP with centres in 11 European cities. The data corresponds to a transatlantic link and was collected from 06:57 hours on 7 June to 11:17 hours on 31 July 2005. Hourly data.

