"Time","Internet traffic data (in bits) from an ISP. Aggregated traffic in the United Kingdom academic network backbone. It was collected between 19 November 2004, at 09:30 hours and 27 January 2005, at 11:11 hours. Hourly data"
"2004-11-19 09:30:00",64554.4788493508
"2004-11-19 10:30:00",71138.7492385722
"2004-11-19 11:30:00",77253.2663003328
"2004-11-19 12:30:00",77340.779502806
"2004-11-19 13:30:00",79860.7594145648
"2004-11-19 14:30:00",81103.4079079732
"2004-11-19 15:30:00",75227.5597899524
"2004-11-19 16:30:00",66933.3237610039
"2004-11-19 17:30:00",59458.3178403242
"2004-11-19 18:30:00",55028.9677333866
"2004-11-19 19:30:00",52930.8706124631
"2004-11-19 20:30:00",50795
"2004-11-19 21:30:00",47474.4641032802
"2004-11-19 22:30:00",45387.152330033
"2004-11-19 23:30:00",48597.6925306475
"2004-11-20 00:30:00",48590.2824187022
"2004-11-20 01:30:00",45276.8570390678
"2004-11-20 02:30:00",42160.2609785557
"2004-11-20 03:30:00",38284.1260982288
"2004-11-20 04:30:00",34675.4960139624
"2004-11-20 05:30:00",32918.1204838285
"2004-11-20 06:30:00",32352.3297912301
"2004-11-20 07:30:00",31597
"2004-11-20 08:30:00",33643.6556044542
"2004-11-20 09:30:00",37522.8941603143
"2004-11-20 10:30:00",41738.5827190322
"2004-11-20 11:30:00",44282.8853347827
"2004-11-20 12:30:00",43803.9648781376
"2004-11-20 13:30:00",46397.1522299121
"2004-11-20 14:30:00",49180.181431642
"2004-11-20 15:30:00",50711.8211323705
"2004-11-20 16:30:00",49087.5887543038
"2004-11-20 17:30:00",47360.9909058473
"2004-11-20 18:30:00",47937.2452292828
"2004-11-20 19:30:00",47312.6990259984
"2004-11-20 20:30:00",46389.854719599
"2004-11-20 21:30:00",44270.4422871902
"2004-11-20 22:30:00",42606.6486894755
"2004-11-20 23:30:00",40838.8006072861
"2004-11-21 00:30:00",39294.2846323815
"2004-11-21 01:30:00",37190.9867200458
"2004-11-21 02:30:00",37542.9262959261
"2004-11-21 03:30:00",35328.499586338
"2004-11-21 04:30:00",26617.1639697674
"2004-11-21 05:30:00",22759.6921743584
"2004-11-21 06:30:00",23044.7779988072
"2004-11-21 07:30:00",22618.1169803109
"2004-11-21 08:30:00",24095.5872308525
"2004-11-21 09:30:00",26096
"2004-11-21 10:30:00",28981.9280384733
"2004-11-21 11:30:00",33023
"2004-11-21 12:30:00",37690.5144110885
"2004-11-21 13:30:00",42192.5305449642
"2004-11-21 14:30:00",47105.17924708
"2004-11-21 15:30:00",52032.4168674926
"2004-11-21 16:30:00",65306.7169382384
"2004-11-21 17:30:00",70662
"2004-11-21 18:30:00",71307.9915509614
"2004-11-21 19:30:00",72310.8562854596
"2004-11-21 20:30:00",72280
"2004-11-21 21:30:00",70801
"2004-11-21 22:30:00",69972.8127959347
"2004-11-21 23:30:00",67289.2818406283
"2004-11-22 00:30:00",61491.5121156741
"2004-11-22 01:30:00",55463.3240937735
"2004-11-22 02:30:00",49658.1331778494
"2004-11-22 03:30:00",45066.4971993558
"2004-11-22 04:30:00",39938.6155798982
"2004-11-22 05:30:00",37518.3266564391
"2004-11-22 06:30:00",37667.3384486991
"2004-11-22 07:30:00",41410.3843907621
"2004-11-22 08:30:00",59453.5668156798
"2004-11-22 09:30:00",85732.7072161868
"2004-11-22 10:30:00",99485.7143843862
"2004-11-22 11:30:00",109657.701043999
"2004-11-22 12:30:00",113513.695837308
"2004-11-22 13:30:00",122772.135148349
"2004-11-22 14:30:00",122664.462640075
"2004-11-22 15:30:00",120957.81983809
"2004-11-22 16:30:00",112710.781970147
"2004-11-22 17:30:00",102011.78028786
"2004-11-22 18:30:00",93463.7023070212
"2004-11-22 19:30:00",89273.093146628
"2004-11-22 20:30:00",84388.795132021
"2004-11-22 21:30:00",81028.2343840556
"2004-11-22 22:30:00",79151.7560166647
"2004-11-22 23:30:00",75475.1266410095
"2004-11-23 00:30:00",69695.122391044
"2004-11-23 01:30:00",61426.1734538956
"2004-11-23 02:30:00",55148.9674202428
"2004-11-23 03:30:00",49963.177798291
"2004-11-23 04:30:00",46288.3036526674
"2004-11-23 05:30:00",43460.8238025103
"2004-11-23 06:30:00",43872
"2004-11-23 07:30:00",46920.2450208423
"2004-11-23 08:30:00",64800.1543928768
"2004-11-23 09:30:00",90777.8683952145
"2004-11-23 10:30:00",102356.462495194
"2004-11-23 11:30:00",113912.899286329
"2004-11-23 12:30:00",119409.565215622
"2004-11-23 13:30:00",125058.789943813
"2004-11-23 14:30:00",122651.868957249
"2004-11-23 15:30:00",119779.180293671
"2004-11-23 16:30:00",107937.658188249
"2004-11-23 17:30:00",96320.5037770286
"2004-11-23 18:30:00",89288.672983597
"2004-11-23 19:30:00",84061.54042998
"2004-11-23 20:30:00",82382.836084646
"2004-11-23 21:30:00",78535.6436786175
"2004-11-23 22:30:00",80190
"2004-11-23 23:30:00",77015.4762353587
"2004-11-24 00:30:00",72030.65105957
"2004-11-24 01:30:00",67312.9149814917
"2004-11-24 02:30:00",60855.2818305274
"2004-11-24 03:30:00",55619.245674991
"2004-11-24 04:30:00",50997.3825420973
"2004-11-24 05:30:00",47565.9284036667
"2004-11-24 06:30:00",45270.1629059697
"2004-11-24 07:30:00",48382.9994023483
"2004-11-24 08:30:00",64916.4161658284
"2004-11-24 09:30:00",91055.5290636453
"2004-11-24 10:30:00",102021.362500691
"2004-11-24 11:30:00",101453
"2004-11-24 12:30:00",102830.48257872
"2004-11-24 13:30:00",119116.36431882
"2004-11-24 14:30:00",106297.849483359
"2004-11-24 15:30:00",81473.4159360977
"2004-11-24 16:30:00",75003.650188884
"2004-11-24 17:30:00",67270.8986622572
"2004-11-24 18:30:00",61745.1897520605
"2004-11-24 19:30:00",60069.5442932234
"2004-11-24 20:30:00",55082.1360437313
"2004-11-24 21:30:00",53785.1515013139
"2004-11-24 22:30:00",51820.4891250403
"2004-11-24 23:30:00",49220.7865013859
"2004-11-25 00:30:00",45354.1311339281
"2004-11-25 01:30:00",38464.3886517659
"2004-11-25 02:30:00",34335
"2004-11-25 03:30:00",31852.5822210321
"2004-11-25 04:30:00",28444.1230951098
"2004-11-25 05:30:00",27960.3474986878
"2004-11-25 06:30:00",29380.716949261
"2004-11-25 07:30:00",32337.9821557954
"2004-11-25 08:30:00",44782.6565744768
"2004-11-25 09:30:00",65160
"2004-11-25 10:30:00",74067.2744526768
"2004-11-25 11:30:00",80437.905296105
"2004-11-25 12:30:00",80415.565453178
"2004-11-25 13:30:00",83413.1317238492
"2004-11-25 14:30:00",84793.3985935452
"2004-11-25 15:30:00",81314.9954023768
"2004-11-25 16:30:00",73975.3397809235
"2004-11-25 17:30:00",66554.9830548406
"2004-11-25 18:30:00",61711.488546166
"2004-11-25 19:30:00",58145.5475866939
"2004-11-25 20:30:00",53628.7497932486
"2004-11-25 21:30:00",51279.1960376266
"2004-11-25 22:30:00",48923.3570543946
"2004-11-25 23:30:00",46283.6000648522
"2004-11-26 00:30:00",42701.9716533522
"2004-11-26 01:30:00",37990.3216052601
"2004-11-26 02:30:00",33373.4951834282
"2004-11-26 03:30:00",30673.1969292148
"2004-11-26 04:30:00",28032.5060310073
"2004-11-26 05:30:00",26527.6368730972
"2004-11-26 06:30:00",26178.8315246006
"2004-11-26 07:30:00",30784.684111386
"2004-11-26 08:30:00",44053.7802990782
"2004-11-26 09:30:00",62682.2854411126
"2004-11-26 10:30:00",70084.3699638816
"2004-11-26 11:30:00",76064.5288395372
"2004-11-26 12:30:00",74957.9972848048
"2004-11-26 13:30:00",72677.4334353467
"2004-11-26 14:30:00",79244
"2004-11-26 15:30:00",74980.7807556714
"2004-11-26 16:30:00",63487.751703331
"2004-11-26 17:30:00",54476.0898184011
"2004-11-26 18:30:00",51138.512063503
"2004-11-26 19:30:00",51265.5837851455
"2004-11-26 20:30:00",49326.5149921296
"2004-11-26 21:30:00",46928.1518962182
"2004-11-26 22:30:00",46398.8885819219
"2004-11-26 23:30:00",44664.7371881218
"2004-11-27 00:30:00",42590.0822050454
"2004-11-27 01:30:00",39372.4462119828
"2004-11-27 02:30:00",36232.8736571106
"2004-11-27 03:30:00",34004.9086618342
"2004-11-27 04:30:00",29333.9100967457
"2004-11-27 05:30:00",28015.0915577987
"2004-11-27 06:30:00",26969.5691974178
"2004-11-27 07:30:00",25728.566160005
"2004-11-27 08:30:00",27591.3448208372
"2004-11-27 09:30:00",31454.1463155686
"2004-11-27 10:30:00",36188.7148482658
"2004-11-27 11:30:00",39750.0587314782
"2004-11-27 12:30:00",42938.6196861177
"2004-11-27 13:30:00",47159.7007316744
"2004-11-27 14:30:00",48890.7993028386
"2004-11-27 15:30:00",51229.5456791279
"2004-11-27 16:30:00",49557.579692022
"2004-11-27 17:30:00",48216.6424388729
"2004-11-27 18:30:00",46392.5413701328
"2004-11-27 19:30:00",48494.677793765
"2004-11-27 20:30:00",45924.9869417742
"2004-11-27 21:30:00",45613.6505093757
"2004-11-27 22:30:00",45172.7488777714
"2004-11-27 23:30:00",45939.2385234497
"2004-11-28 00:30:00",48667.9796209393
"2004-11-28 01:30:00",44866.785578402
"2004-11-28 02:30:00",40357.2369139679
"2004-11-28 03:30:00",37522.5862424157
"2004-11-28 04:30:00",33910.1795566655
"2004-11-28 05:30:00",28542.9957208051
"2004-11-28 06:30:00",25969.8098994472
"2004-11-28 07:30:00",24802.0857573406
"2004-11-28 08:30:00",25395.4822755014
"2004-11-28 09:30:00",29015.0433497393
"2004-11-28 10:30:00",32984.0914920756
"2004-11-28 11:30:00",39098.7933249422
"2004-11-28 12:30:00",44756.288301804
"2004-11-28 13:30:00",49035.9526791364
"2004-11-28 14:30:00",53261.7547116739
"2004-11-28 15:30:00",55035.1506740261
"2004-11-28 16:30:00",55287.9873872341
"2004-11-28 17:30:00",54602.4342668454
"2004-11-28 18:30:00",54493.0917923127
"2004-11-28 19:30:00",54553.7440680118
"2004-11-28 20:30:00",54274
"2004-11-28 21:30:00",52619.979331523
"2004-11-28 22:30:00",51428.5089083184
"2004-11-28 23:30:00",47533.7385430277
"2004-11-29 00:30:00",42460.4342061106
"2004-11-29 01:30:00",37865.3314119362
"2004-11-29 02:30:00",35589.8783735422
"2004-11-29 03:30:00",31999.4404569002
"2004-11-29 04:30:00",29972.2022733698
"2004-11-29 05:30:00",28900.2006734323
"2004-11-29 06:30:00",28501.0947889669
"2004-11-29 07:30:00",32438.9021203155
"2004-11-29 08:30:00",49461.160693533
"2004-11-29 09:30:00",67889.3997374153
"2004-11-29 10:30:00",75509
"2004-11-29 11:30:00",80523
"2004-11-29 12:30:00",81577.8378680338
"2004-11-29 13:30:00",85024.3319735088
"2004-11-29 14:30:00",86160.1647986768
"2004-11-29 15:30:00",82759.85667602
"2004-11-29 16:30:00",72696.0995647235
"2004-11-29 17:30:00",64397.9295909279
"2004-11-29 18:30:00",60648
"2004-11-29 19:30:00",58350.2697610502
"2004-11-29 20:30:00",54538.7353323006
"2004-11-29 21:30:00",52054.2863912467
"2004-11-29 22:30:00",48751.0658898842
"2004-11-29 23:30:00",45148.2152054325
"2004-11-30 00:30:00",42130.7319690349
"2004-11-30 01:30:00",36189.3681570205
"2004-11-30 02:30:00",33105.4644836537
"2004-11-30 03:30:00",29913.976810295
"2004-11-30 04:30:00",27277.184957827
"2004-11-30 05:30:00",27026.3262996057
"2004-11-30 06:30:00",26245.195499474
"2004-11-30 07:30:00",32329.16750483
"2004-11-30 08:30:00",50078.8470568456
"2004-11-30 09:30:00",68732.6972791
"2004-11-30 10:30:00",75319
"2004-11-30 11:30:00",92221.7131256154
"2004-11-30 12:30:00",100538.752308237
"2004-11-30 13:30:00",104006.470641902
"2004-11-30 14:30:00",107104.349042821
"2004-11-30 15:30:00",103349.575857944
"2004-11-30 16:30:00",88486.318845093
"2004-11-30 17:30:00",74831.4927905303
"2004-11-30 18:30:00",74798.9102998385
"2004-11-30 19:30:00",69512.5550769262
"2004-11-30 20:30:00",68124.3779627476
"2004-11-30 21:30:00",66013.2253321037
"2004-11-30 22:30:00",67082.9534241371
"2004-11-30 23:30:00",63436.4516368604
"2004-12-01 00:30:00",58264.328445136
"2004-12-01 01:30:00",49253.2135767453
"2004-12-01 02:30:00",43793.8845734479
"2004-12-01 03:30:00",39106.2987018868
"2004-12-01 04:30:00",35678.5695066546
"2004-12-01 05:30:00",35011.9070929993
"2004-12-01 06:30:00",30168.7525946221
"2004-12-01 07:30:00",32005.155947049
"2004-12-01 08:30:00",54237.3037279934
"2004-12-01 09:30:00",80516.6675387726
"2004-12-01 10:30:00",88020.6431681935
"2004-12-01 11:30:00",96246.3975031108
"2004-12-01 12:30:00",97177.8378555428
"2004-12-01 13:30:00",101150.524100413
"2004-12-01 14:30:00",101657.48344731
"2004-12-01 15:30:00",95109.5787640431
"2004-12-01 16:30:00",85348.8651122265
"2004-12-01 17:30:00",77682.5726347496
"2004-12-01 18:30:00",75995.0819787323
"2004-12-01 19:30:00",71526.6601743668
"2004-12-01 20:30:00",65109.1839717717
"2004-12-01 21:30:00",63147.4784457462
"2004-12-01 22:30:00",62795.6225402918
"2004-12-01 23:30:00",59416.7043223677
"2004-12-02 00:30:00",55802.4013737045
"2004-12-02 01:30:00",49038
"2004-12-02 02:30:00",44824.1800355953
"2004-12-02 03:30:00",41262.3503031257
"2004-12-02 04:30:00",38502.8419017998
"2004-12-02 05:30:00",36738.1835356218
"2004-12-02 06:30:00",36125.8245347164
"2004-12-02 07:30:00",41135.7246922886
"2004-12-02 08:30:00",65474.5710729564
"2004-12-02 09:30:00",82467.5743011861
"2004-12-02 10:30:00",93079.356015282
"2004-12-02 11:30:00",102599.388139296
"2004-12-02 12:30:00",108057.727119821
"2004-12-02 13:30:00",112837.650108935
"2004-12-02 14:30:00",111399.188439509
"2004-12-02 15:30:00",103742.558557602
"2004-12-02 16:30:00",93405.2536703652
"2004-12-02 17:30:00",86868.7039310622
"2004-12-02 18:30:00",84285.964081755
"2004-12-02 19:30:00",80778.8689599948
"2004-12-02 20:30:00",78999.2426610931
"2004-12-02 21:30:00",77799.5618948675
"2004-12-02 22:30:00",75494.7752999197
"2004-12-02 23:30:00",74831.1288663524
"2004-12-03 00:30:00",67754.8816458515
"2004-12-03 01:30:00",62394.255699267
"2004-12-03 02:30:00",56962.352893313
"2004-12-03 03:30:00",53557.7309671273
"2004-12-03 04:30:00",50272.1280405878
"2004-12-03 05:30:00",48009.547098995
"2004-12-03 06:30:00",45399.8982299633
"2004-12-03 07:30:00",52307.4601254327
"2004-12-03 08:30:00",70881.8836440669
"2004-12-03 09:30:00",89448
"2004-12-03 10:30:00",80168.8127466312
"2004-12-03 11:30:00",87495.9148712424
"2004-12-03 12:30:00",85857.6635403056
"2004-12-03 13:30:00",90273.3272760896
"2004-12-03 14:30:00",87279.3961693384
"2004-12-03 15:30:00",80299.0830125968
"2004-12-03 16:30:00",67974.605967908
"2004-12-03 17:30:00",61223.8558788504
"2004-12-03 18:30:00",57414.2291271104
"2004-12-03 19:30:00",56959.3247686888
"2004-12-03 20:30:00",52867
"2004-12-03 21:30:00",52518.323756847
"2004-12-03 22:30:00",49083.8985997976
"2004-12-03 23:30:00",49012.2540318064
"2004-12-04 00:30:00",43615.802071215
"2004-12-04 01:30:00",44068.3120900933
"2004-12-04 02:30:00",39605.5813477629
"2004-12-04 03:30:00",37475.3597317863
"2004-12-04 04:30:00",33046.5559447621
"2004-12-04 05:30:00",32713.705586717
"2004-12-04 06:30:00",29702.7473528399
"2004-12-04 07:30:00",31026.955655055
"2004-12-04 08:30:00",32024.429337686
"2004-12-04 09:30:00",37573.581681408
"2004-12-04 10:30:00",40847.8190116504
"2004-12-04 11:30:00",45148.5806393456
"2004-12-04 12:30:00",48153.8460402032
"2004-12-04 13:30:00",54414.2118750736
"2004-12-04 14:30:00",55386.7618012248
"2004-12-04 15:30:00",58545
"2004-12-04 16:30:00",54325.4676891912
"2004-12-04 17:30:00",56527.4912319712
"2004-12-04 18:30:00",52735.5471597496
"2004-12-04 19:30:00",55192.6003220208
"2004-12-04 20:30:00",52802.9468558992
"2004-12-04 21:30:00",53506.145905316
"2004-12-04 22:30:00",51269.4988198104
"2004-12-04 23:30:00",50421.7387781816
"2004-12-05 00:30:00",47555.3740891496
"2004-12-05 01:30:00",43531.9163601627
"2004-12-05 02:30:00",42098.4761148676
"2004-12-05 03:30:00",35893.2558856186
"2004-12-05 04:30:00",34565.4537210236
"2004-12-05 05:30:00",29827.0501965677
"2004-12-05 06:30:00",30631.9792067082
"2004-12-05 07:30:00",28932.1149136426
"2004-12-05 08:30:00",31481.8635372148
"2004-12-05 09:30:00",33070.413686471
"2004-12-05 10:30:00",38476.6693786601
"2004-12-05 11:30:00",44300.8671304965
"2004-12-05 12:30:00",49149.843970704
"2004-12-05 13:30:00",52912.078315776
"2004-12-05 14:30:00",57696.2980794144
"2004-12-05 15:30:00",57669.4836812056
"2004-12-05 16:30:00",58079.8996486712
"2004-12-05 17:30:00",56645.2402887544
"2004-12-05 18:30:00",56181.0653844752
"2004-12-05 19:30:00",55270
"2004-12-05 20:30:00",53634.613323424
"2004-12-05 21:30:00",54419.2894215296
"2004-12-05 22:30:00",53052.1144869384
"2004-12-05 23:30:00",50954.808414064
"2004-12-06 00:30:00",45809.1006763566
"2004-12-06 01:30:00",40245
"2004-12-06 02:30:00",36423.1715172214
"2004-12-06 03:30:00",32862.7046158222
"2004-12-06 04:30:00",30332.5924102742
"2004-12-06 05:30:00",29028.5721395246
"2004-12-06 06:30:00",28847.1857154918
"2004-12-06 07:30:00",33673.1478202872
"2004-12-06 08:30:00",55223.2420645288
"2004-12-06 09:30:00",72266.9643366664
"2004-12-06 10:30:00",80883.7715297848
"2004-12-06 11:30:00",87918.214220656
"2004-12-06 12:30:00",89166
"2004-12-06 13:30:00",91226
"2004-12-06 14:30:00",91778.4931129408
"2004-12-06 15:30:00",85757.242628876
"2004-12-06 16:30:00",78133.241023628
"2004-12-06 17:30:00",69761.8977147384
"2004-12-06 18:30:00",66419.6845049928
"2004-12-06 19:30:00",61680.7252579032
"2004-12-06 20:30:00",58289.4194771088
"2004-12-06 21:30:00",55792.6794231312
"2004-12-06 22:30:00",54811.3060291048
"2004-12-06 23:30:00",50043.820094028
"2004-12-07 00:30:00",45475.8416194503
"2004-12-07 01:30:00",41406.6256479086
"2004-12-07 02:30:00",38624.7712052374
"2004-12-07 03:30:00",33913.8283400097
"2004-12-07 04:30:00",30401.1726269612
"2004-12-07 05:30:00",29635.5653057614
"2004-12-07 06:30:00",29031.4807702786
"2004-12-07 07:30:00",32506.1555118376
"2004-12-07 08:30:00",53181.1022479752
"2004-12-07 09:30:00",70535.2507520888
"2004-12-07 10:30:00",80362.2167733752
"2004-12-07 11:30:00",86554.1280802096
"2004-12-07 12:30:00",87539.7849043744
"2004-12-07 13:30:00",90532.8525996232
"2004-12-07 14:30:00",91474.8744432568
"2004-12-07 15:30:00",84942.8777667176
"2004-12-07 16:30:00",73482.2446998704
"2004-12-07 17:30:00",65249.9459329952
"2004-12-07 18:30:00",64664.4191706272
"2004-12-07 19:30:00",60923.589655088
"2004-12-07 20:30:00",56993.5307916224
"2004-12-07 21:30:00",54305.5822388312
"2004-12-07 22:30:00",51523.2521386528
"2004-12-07 23:30:00",49976.2260103952
"2004-12-08 00:30:00",45549.5913132118
"2004-12-08 01:30:00",40666.0438230115
"2004-12-08 02:30:00",35652.232957713
"2004-12-08 03:30:00",31671
"2004-12-08 04:30:00",29047.4355340325
"2004-12-08 05:30:00",26784.3734535666
"2004-12-08 06:30:00",26418.3771524688
"2004-12-08 07:30:00",31950.5505204548
"2004-12-08 08:30:00",51543.4229094888
"2004-12-08 09:30:00",68466.51489768
"2004-12-08 10:30:00",77996.5424684352
"2004-12-08 11:30:00",84568.3741282136
"2004-12-08 12:30:00",83362.6251286744
"2004-12-08 13:30:00",92336.4371799144
"2004-12-08 14:30:00",90560.841897156
"2004-12-08 15:30:00",83445.856063304
"2004-12-08 16:30:00",74962.6864027816
"2004-12-08 17:30:00",67144.7452999184
"2004-12-08 18:30:00",63641.4300033504
"2004-12-08 19:30:00",60730.07732538
"2004-12-08 20:30:00",57745.5626888288
"2004-12-08 21:30:00",54525.2917875608
"2004-12-08 22:30:00",51384.2083537787
"2004-12-08 23:30:00",49264
"2004-12-09 00:30:00",44518.6662843817
"2004-12-09 01:30:00",40001.4110202753
"2004-12-09 02:30:00",37012.2452812199
"2004-12-09 03:30:00",34134.1648801774
"2004-12-09 04:30:00",30817.4829611328
"2004-12-09 05:30:00",28610.7091560912
"2004-12-09 06:30:00",28921.1422469534
"2004-12-09 07:30:00",34124.6360773664
"2004-12-09 08:30:00",54369.519949164
"2004-12-09 09:30:00",72559.5952893264
"2004-12-09 10:30:00",79603.3645458104
"2004-12-09 11:30:00",87629.283664776
"2004-12-09 12:30:00",87152.6033285048
"2004-12-09 13:30:00",93420.9542987656
"2004-12-09 14:30:00",94073.6449812992
"2004-12-09 15:30:00",85660.8637540408
"2004-12-09 16:30:00",74872.9326218824
"2004-12-09 17:30:00",66375.7262867256
"2004-12-09 18:30:00",62939.187695616
"2004-12-09 19:30:00",62600.8496600248
"2004-12-09 20:30:00",58782.182308112
"2004-12-09 21:30:00",56805.8596126448
"2004-12-09 22:30:00",54459.7967115144
"2004-12-09 23:30:00",50150.2379863856
"2004-12-10 00:30:00",44525.6860605904
"2004-12-10 01:30:00",41474.0535147248
"2004-12-10 02:30:00",39190.3096131792
"2004-12-10 03:30:00",36423.6366623298
"2004-12-10 04:30:00",35010.5037493796
"2004-12-10 05:30:00",35310.0844851255
"2004-12-10 06:30:00",35726.6828374884
"2004-12-10 07:30:00",40796.1878400062
"2004-12-10 08:30:00",59539.97677302
"2004-12-10 09:30:00",77516.5168207416
"2004-12-10 10:30:00",85855.9562331872
"2004-12-10 11:30:00",92292.4722558656
"2004-12-10 12:30:00",90515.5841881056
"2004-12-10 13:30:00",93223.1624631144
"2004-12-10 14:30:00",92415.4303728896
"2004-12-10 15:30:00",84355.20617416
"2004-12-10 16:30:00",75752.3706850496
"2004-12-10 17:30:00",67520
"2004-12-10 18:30:00",64695.3609139664
"2004-12-10 19:30:00",60892.144051932
"2004-12-10 20:30:00",57914.2562756272
"2004-12-10 21:30:00",53136.7789043192
"2004-12-10 22:30:00",51770.210169704
"2004-12-10 23:30:00",50281.9949541112
"2004-12-11 00:30:00",46538.4397732552
"2004-12-11 01:30:00",42618.366509232
"2004-12-11 02:30:00",39521.850609672
"2004-12-11 03:30:00",35830.2307329979
"2004-12-11 04:30:00",32806.893559463
"2004-12-11 05:30:00",30951.4909972898
"2004-12-11 06:30:00",29855.9009710542
"2004-12-11 07:30:00",29966.8286643539
"2004-12-11 08:30:00",31805.1619206849
"2004-12-11 09:30:00",34528.6087663051
"2004-12-11 10:30:00",38559.2377893096
"2004-12-11 11:30:00",42701.3248406832
"2004-12-11 12:30:00",45711.7808146463
"2004-12-11 13:30:00",50264.9242628168
"2004-12-11 14:30:00",53492.44136082
"2004-12-11 15:30:00",54346.6537431488
"2004-12-11 16:30:00",52282.9141918696
"2004-12-11 17:30:00",50309.9219656072
"2004-12-11 18:30:00",50900.3047185192
"2004-12-11 19:30:00",52256.6011599216
"2004-12-11 20:30:00",50330.8690380752
"2004-12-11 21:30:00",49473.2365083008
"2004-12-11 22:30:00",48249.17573016
"2004-12-11 23:30:00",46865
"2004-12-12 00:30:00",43687.7209840844
"2004-12-12 01:30:00",41033.9586923734
"2004-12-12 02:30:00",38032.9742357248
"2004-12-12 03:30:00",35908.9110976263
"2004-12-12 04:30:00",31592.4293816897
"2004-12-12 05:30:00",28955.8416700388
"2004-12-12 06:30:00",28677.8780989743
"2004-12-12 07:30:00",28201.5721808539
"2004-12-12 08:30:00",28829.8465005317
"2004-12-12 09:30:00",28703.7192341722
"2004-12-12 10:30:00",32662.6071122577
"2004-12-12 11:30:00",37707.642088785
"2004-12-12 12:30:00",42564.133127904
"2004-12-12 13:30:00",46889.9347650912
"2004-12-12 14:30:00",49070.4034685024
"2004-12-12 15:30:00",52395.3365965
"2004-12-12 16:30:00",55136.8232492352
"2004-12-12 17:30:00",54640.37766056
"2004-12-12 18:30:00",54671.1476200112
"2004-12-12 19:30:00",55312.7896367472
"2004-12-12 20:30:00",53356.3116940936
"2004-12-12 21:30:00",51979.3594550784
"2004-12-12 22:30:00",50311.9822160014
"2004-12-12 23:30:00",46292.1304239794
"2004-12-13 00:30:00",43253.3621110765
"2004-12-13 01:30:00",40307.0436358238
"2004-12-13 02:30:00",37171.7084651643
"2004-12-13 03:30:00",33305.2309030402
"2004-12-13 04:30:00",30880.8025254655
"2004-12-13 05:30:00",29176.6014875612
"2004-12-13 06:30:00",29477.057990583
"2004-12-13 07:30:00",33781.5489921849
"2004-12-13 08:30:00",55709.8259611992
"2004-12-13 09:30:00",72836.5212646504
"2004-12-13 10:30:00",79390.304292516
"2004-12-13 11:30:00",83847.9977510568
"2004-12-13 12:30:00",82586.8863791896
"2004-12-13 13:30:00",89311.4738051984
"2004-12-13 14:30:00",90090.8336214816
"2004-12-13 15:30:00",83655.3734075816
"2004-12-13 16:30:00",75037.8009931352
"2004-12-13 17:30:00",64345.9281211456
"2004-12-13 18:30:00",60905.7621116544
"2004-12-13 19:30:00",57935.254456604
"2004-12-13 20:30:00",54901.753626088
"2004-12-13 21:30:00",53220.1859784744
"2004-12-13 22:30:00",53116.7295716848
"2004-12-13 23:30:00",48399
"2004-12-14 00:30:00",44900.4069153236
"2004-12-14 01:30:00",41647.1101624622
"2004-12-14 02:30:00",38520.3851026707
"2004-12-14 03:30:00",36196.6770114658
"2004-12-14 04:30:00",33423.1396947462
"2004-12-14 05:30:00",32938.3426392085
"2004-12-14 06:30:00",28815.3222820318
"2004-12-14 07:30:00",33304.2817387671
"2004-12-14 08:30:00",53794.5991556336
"2004-12-14 09:30:00",72324.902057952
"2004-12-14 10:30:00",80303.8752608744
"2004-12-14 11:30:00",85672.8206597624
"2004-12-14 12:30:00",83661
"2004-12-14 13:30:00",88313.6779468648
"2004-12-14 14:30:00",91323.9569397456
"2004-12-14 15:30:00",85076.4362285712
"2004-12-14 16:30:00",73140.5458832456
"2004-12-14 17:30:00",64014.123374128
"2004-12-14 18:30:00",60864.7955537328
"2004-12-14 19:30:00",57203.4095609984
"2004-12-14 20:30:00",55244.6803257352
"2004-12-14 21:30:00",52074.3404578768
"2004-12-14 22:30:00",50279.1676408896
"2004-12-14 23:30:00",49256.5890594712
"2004-12-15 00:30:00",44207.1532257305
"2004-12-15 01:30:00",40711.074672344
"2004-12-15 02:30:00",36846.2477372366
"2004-12-15 03:30:00",31198.6517216102
"2004-12-15 04:30:00",27474.1175019478
"2004-12-15 05:30:00",26454.9718090081
"2004-12-15 06:30:00",25532.1233717133
"2004-12-15 07:30:00",31036.2723276151
"2004-12-15 08:30:00",50650
"2004-12-15 09:30:00",68305.5589193808
"2004-12-15 10:30:00",75805.8984354952
"2004-12-15 11:30:00",79526.7823392864
"2004-12-15 12:30:00",76540.694889088
"2004-12-15 13:30:00",81551.42675614
"2004-12-15 14:30:00",80618.8489113984
"2004-12-15 15:30:00",73336.4005187896
"2004-12-15 16:30:00",63554
"2004-12-15 17:30:00",55092.6060779208
"2004-12-15 18:30:00",52813.3055573184
"2004-12-15 19:30:00",50660.7873772984
"2004-12-15 20:30:00",47754.1788083344
"2004-12-15 21:30:00",45399.9969747064
"2004-12-15 22:30:00",44384.6683905087
"2004-12-15 23:30:00",42154.160903901
"2004-12-16 00:30:00",38311.9376521921
"2004-12-16 01:30:00",34952.713254276
"2004-12-16 02:30:00",30711.8049193607
"2004-12-16 03:30:00",27493.6180242919
"2004-12-16 04:30:00",25398.2654592046
"2004-12-16 05:30:00",24573.8800787848
"2004-12-16 06:30:00",23953.8684174415
"2004-12-16 07:30:00",30497.8435958786
"2004-12-16 08:30:00",51378.821871804
"2004-12-16 09:30:00",69994.2052267624
"2004-12-16 10:30:00",74193.284350572
"2004-12-16 11:30:00",77678.2678026072
"2004-12-16 12:30:00",75699.1757894024
"2004-12-16 13:30:00",79756.1285744768
"2004-12-16 14:30:00",79761.1166035424
"2004-12-16 15:30:00",73637
"2004-12-16 16:30:00",62498.870171292
"2004-12-16 17:30:00",55072.8605425304
"2004-12-16 18:30:00",54448.8630098048
"2004-12-16 19:30:00",50863.8055671464
"2004-12-16 20:30:00",49944.8911457064
"2004-12-16 21:30:00",48313.8867270038
"2004-12-16 22:30:00",45433.6391897132
"2004-12-16 23:30:00",46743.778226619
"2004-12-17 00:30:00",43379.5569222975
"2004-12-17 01:30:00",39902.4701201613
"2004-12-17 02:30:00",35692.359863704
"2004-12-17 03:30:00",30818.633786501
"2004-12-17 04:30:00",31599.9454048486
"2004-12-17 05:30:00",27567.4377610855
"2004-12-17 06:30:00",28136.7226224512
"2004-12-17 07:30:00",33631.969161963
"2004-12-17 08:30:00",49471.2856770224
"2004-12-17 09:30:00",64139.6789588232
"2004-12-17 10:30:00",70816.2093073192
"2004-12-17 11:30:00",72766.9143101304
"2004-12-17 12:30:00",68427.7565310096
"2004-12-17 13:30:00",68818.3322990608
"2004-12-17 14:30:00",68556.7879141336
"2004-12-17 15:30:00",62721.5526885192
"2004-12-17 16:30:00",53987.601515664
"2004-12-17 17:30:00",48479.4026798408
"2004-12-17 18:30:00",42758
"2004-12-17 19:30:00",42220.2797019219
"2004-12-17 20:30:00",38303.625768647
"2004-12-17 21:30:00",36347.3503746879
"2004-12-17 22:30:00",37033.1633246445
"2004-12-17 23:30:00",34643.1172300756
"2004-12-18 00:30:00",34068.8649563443
"2004-12-18 01:30:00",30985.2597466874
"2004-12-18 02:30:00",29025
"2004-12-18 03:30:00",27472.8936971354
"2004-12-18 04:30:00",24427.6802704298
"2004-12-18 05:30:00",24529.7431053384
"2004-12-18 06:30:00",21979.3478885355
"2004-12-18 07:30:00",24037.561033194
"2004-12-18 08:30:00",25360.9660795582
"2004-12-18 09:30:00",26291.4925550304
"2004-12-18 10:30:00",31008.2334111758
"2004-12-18 11:30:00",31011.5341792508
"2004-12-18 12:30:00",35254.869400635
"2004-12-18 13:30:00",35150.4813337876
"2004-12-18 14:30:00",37300.2308050648
"2004-12-18 15:30:00",38076.4291141831
"2004-12-18 16:30:00",37752.2102518804
"2004-12-18 17:30:00",37177.5284769774
"2004-12-18 18:30:00",35015.0985177528
"2004-12-18 19:30:00",37228.5878658462
"2004-12-18 20:30:00",34992
"2004-12-18 21:30:00",35011.0877982338
"2004-12-18 22:30:00",34800.127368617
"2004-12-18 23:30:00",32280.4374928338
"2004-12-19 00:30:00",33392.8896942943
"2004-12-19 01:30:00",29156.6421288635
"2004-12-19 02:30:00",26090
"2004-12-19 03:30:00",27186.7250981083
"2004-12-19 04:30:00",22875.9552303609
"2004-12-19 05:30:00",23709.858282775
"2004-12-19 06:30:00",21917.5192742018
"2004-12-19 07:30:00",21782.3217847262
"2004-12-19 08:30:00",23156.6636708062
"2004-12-19 09:30:00",24021.8713944888
"2004-12-19 10:30:00",27853.0495273461
"2004-12-19 11:30:00",28611.2846603682
"2004-12-19 12:30:00",32932.4904798709
"2004-12-19 13:30:00",31245.9607021052
"2004-12-19 14:30:00",36040.1104647314
"2004-12-19 15:30:00",34510.4359915969
"2004-12-19 16:30:00",36601.4570750718
"2004-12-19 17:30:00",32838.8463127501
"2004-12-19 18:30:00",37653.0874098243
"2004-12-19 19:30:00",33750.1137719604
"2004-12-19 20:30:00",36951.3044315514
"2004-12-19 21:30:00",35758.7091310747
"2004-12-19 22:30:00",32441.9216310092
"2004-12-19 23:30:00",30715.3722190428
"2004-12-20 00:30:00",28830.6392488302
"2004-12-20 01:30:00",26542.7428998874
"2004-12-20 02:30:00",26224.9394940352
"2004-12-20 03:30:00",23487.2596901422
"2004-12-20 04:30:00",20869.4427707256
"2004-12-20 05:30:00",19798.7808479092
"2004-12-20 06:30:00",19097.2331022299
"2004-12-20 07:30:00",23428.665707596
"2004-12-20 08:30:00",37113.1166353608
"2004-12-20 09:30:00",51213.0634725576
"2004-12-20 10:30:00",55277.6625269392
"2004-12-20 11:30:00",61563.380867348
"2004-12-20 12:30:00",57839.5059141216
"2004-12-20 13:30:00",62107.3612556344
"2004-12-20 14:30:00",62452.6576007656
"2004-12-20 15:30:00",57675.4782801096
"2004-12-20 16:30:00",49158
"2004-12-20 17:30:00",43284.8145253952
"2004-12-20 18:30:00",37339
"2004-12-20 19:30:00",37805.5552525038
"2004-12-20 20:30:00",36243.733728171
"2004-12-20 21:30:00",37187.2589706422
"2004-12-20 22:30:00",32884.5171422192
"2004-12-20 23:30:00",33438.2592081804
"2004-12-21 00:30:00",29468.7130336662
"2004-12-21 01:30:00",29721.5613636841
"2004-12-21 02:30:00",25637.1672299351
"2004-12-21 03:30:00",25900.079325885
"2004-12-21 04:30:00",21456.6166101249
"2004-12-21 05:30:00",22950.3866582652
"2004-12-21 06:30:00",20403.9190465527
"2004-12-21 07:30:00",26631.8360731586
"2004-12-21 08:30:00",36782.569586704
"2004-12-21 09:30:00",50708.2431174608
"2004-12-21 10:30:00",51507.191256164
"2004-12-21 11:30:00",58424.2179190544
"2004-12-21 12:30:00",52840.300800172
"2004-12-21 13:30:00",59090.6441107432
"2004-12-21 14:30:00",59571.8608801832
"2004-12-21 15:30:00",52964.5428337368
"2004-12-21 16:30:00",46270.4166128552
"2004-12-21 17:30:00",36645.328711168
"2004-12-21 18:30:00",35733.0828353592
"2004-12-21 19:30:00",33247.3885718446
"2004-12-21 20:30:00",33239.893953377
"2004-12-21 21:30:00",33710.2608419967
"2004-12-21 22:30:00",31312.2601613374
"2004-12-21 23:30:00",30134.7510825724
"2004-12-22 00:30:00",28624.1242898662
"2004-12-22 01:30:00",25512.0562762593
"2004-12-22 02:30:00",25495
"2004-12-22 03:30:00",21786.7389778363
"2004-12-22 04:30:00",20951.449648164
"2004-12-22 05:30:00",19712.3305390738
"2004-12-22 06:30:00",18701.4299155234
"2004-12-22 07:30:00",23591.5309468627
"2004-12-22 08:30:00",35423.7373017328
"2004-12-22 09:30:00",44136.1462784904
"2004-12-22 10:30:00",47695.236841084
"2004-12-22 11:30:00",47137.828777592
"2004-12-22 12:30:00",46683.6742033576
"2004-12-22 13:30:00",47433.0979295856
"2004-12-22 14:30:00",50014.8651401504
"2004-12-22 15:30:00",46478.6126349744
"2004-12-22 16:30:00",39609.9650426928
"2004-12-22 17:30:00",35301.3571607885
"2004-12-22 18:30:00",33985.4281568736
"2004-12-22 19:30:00",34710.8743226076
"2004-12-22 20:30:00",32660.6278540922
"2004-12-22 21:30:00",33871.3956482345
"2004-12-22 22:30:00",30761.7805038047
"2004-12-22 23:30:00",30199.0806604495
"2004-12-23 00:30:00",27877.1825106982
"2004-12-23 01:30:00",24632.6273757282
"2004-12-23 02:30:00",23710.4094782242
"2004-12-23 03:30:00",20482.3005585
"2004-12-23 04:30:00",17392.247801066
"2004-12-23 05:30:00",18204.6655681173
"2004-12-23 06:30:00",16945.3567570918
"2004-12-23 07:30:00",18923.7900572027
"2004-12-23 08:30:00",26469.404396408
"2004-12-23 09:30:00",32930.7149380527
"2004-12-23 10:30:00",36777.7257555063
"2004-12-23 11:30:00",37958.727424128
"2004-12-23 12:30:00",37925.078592118
"2004-12-23 13:30:00",39971.221267248
"2004-12-23 14:30:00",40344.583589528
"2004-12-23 15:30:00",37008.7851124896
"2004-12-23 16:30:00",30729.9760533214
"2004-12-23 17:30:00",28009
"2004-12-23 18:30:00",26971.8998738246
"2004-12-23 19:30:00",27949.2130317834
"2004-12-23 20:30:00",27066.4879752142
"2004-12-23 21:30:00",26401.0578659432
"2004-12-23 22:30:00",25821.8547308598
"2004-12-23 23:30:00",24671.5690000122
"2004-12-24 00:30:00",22633.3533838585
"2004-12-24 01:30:00",21251
"2004-12-24 02:30:00",20521.9204780175
"2004-12-24 03:30:00",18799.4118906201
"2004-12-24 04:30:00",17496.1720957414
"2004-12-24 05:30:00",16064.0525533449
"2004-12-24 06:30:00",15887.4291769845
"2004-12-24 07:30:00",17293.7493130048
"2004-12-24 08:30:00",21540.9535892688
"2004-12-24 09:30:00",24396.6559263117
"2004-12-24 10:30:00",26817.558979233
"2004-12-24 11:30:00",26400.5517045586
"2004-12-24 12:30:00",24812.8991261111
"2004-12-24 13:30:00",24986.429373407
"2004-12-24 14:30:00",24604.6755602619
"2004-12-24 15:30:00",22802
"2004-12-24 16:30:00",22827.461449341
"2004-12-24 17:30:00",22535.1652539897
"2004-12-24 18:30:00",21558.4184014982
"2004-12-24 19:30:00",20892.1785522974
"2004-12-24 20:30:00",20476.8386095788
"2004-12-24 21:30:00",20362.3851601706
"2004-12-24 22:30:00",20327.9119084554
"2004-12-24 23:30:00",19343.3919492918
"2004-12-25 00:30:00",19172.2822426399
"2004-12-25 01:30:00",19308.1770420906
"2004-12-25 02:30:00",18235.2158408989
"2004-12-25 03:30:00",17360.1292999961
"2004-12-25 04:30:00",15575.5457390702
"2004-12-25 05:30:00",14152.2287840769
"2004-12-25 06:30:00",14173.574030284
"2004-12-25 07:30:00",15184.2571152166
"2004-12-25 08:30:00",21113.7700562961
"2004-12-25 09:30:00",22428.7219932008
"2004-12-25 10:30:00",24044.6384711804
"2004-12-25 11:30:00",24845.3285150206
"2004-12-25 12:30:00",25715.0378206406
"2004-12-25 13:30:00",26736.9558577909
"2004-12-25 14:30:00",27779.443199432
"2004-12-25 15:30:00",28273.878623633
"2004-12-25 16:30:00",28976.2649244173
"2004-12-25 17:30:00",28739.6757915154
"2004-12-25 18:30:00",28455
"2004-12-25 19:30:00",28431.8979072291
"2004-12-25 20:30:00",28827.161451097
"2004-12-25 21:30:00",27726.6616096768
"2004-12-25 22:30:00",27933.4009223944
"2004-12-25 23:30:00",27631.7642496874
"2004-12-26 00:30:00",26679.6533391235
"2004-12-26 01:30:00",25649.0630203171
"2004-12-26 02:30:00",24691.2629065981
"2004-12-26 03:30:00",24209.6257053925
"2004-12-26 04:30:00",23880.9314253817
"2004-12-26 05:30:00",22541.6218087973
"2004-12-26 06:30:00",21776.7118604184
"2004-12-26 07:30:00",21336.5429325231
"2004-12-26 08:30:00",21393.8461456908
"2004-12-26 09:30:00",22726.8208261167
"2004-12-26 10:30:00",23928.4070227903
"2004-12-26 11:30:00",24331.9926443513
"2004-12-26 12:30:00",20298.5785978321
"2004-12-26 13:30:00",18775.3974358224
"2004-12-26 14:30:00",19348.0319328492
"2004-12-26 15:30:00",20638.2213860901
"2004-12-26 16:30:00",22230.2155343047
"2004-12-26 17:30:00",21667.7365766725
"2004-12-26 18:30:00",23316.099410663
"2004-12-26 19:30:00",22862.0538622049
"2004-12-26 20:30:00",23406.8806890231
"2004-12-26 21:30:00",22697.6289238541
"2004-12-26 22:30:00",22619.4673022465
"2004-12-26 23:30:00",22160.2192374244
"2004-12-27 00:30:00",20476.1103711606
"2004-12-27 01:30:00",19904.3884634102
"2004-12-27 02:30:00",17994.4665800679
"2004-12-27 03:30:00",16211.569747946
"2004-12-27 04:30:00",15064.0674236167
"2004-12-27 05:30:00",14051.7463566904
"2004-12-27 06:30:00",13486.7421531532
"2004-12-27 07:30:00",13983.5054797409
"2004-12-27 08:30:00",14715.4081993498
"2004-12-27 09:30:00",16112.6385305266
"2004-12-27 10:30:00",16822.1934988858
"2004-12-27 11:30:00",18654.7179457569
"2004-12-27 12:30:00",19229.0259333224
"2004-12-27 13:30:00",20141.3810194462
"2004-12-27 14:30:00",21200.7818662394
"2004-12-27 15:30:00",21890.3866091403
"2004-12-27 16:30:00",22225.133018731
"2004-12-27 17:30:00",22939.5215940498
"2004-12-27 18:30:00",23633.1449696473
"2004-12-27 19:30:00",23304.4747976387
"2004-12-27 20:30:00",23417.8320737869
"2004-12-27 21:30:00",22635.1354424842
"2004-12-27 22:30:00",22240.1193954226
"2004-12-27 23:30:00",21501.0335763342
"2004-12-28 00:30:00",20152
"2004-12-28 01:30:00",18642.4906413599
"2004-12-28 02:30:00",17647.02156559
"2004-12-28 03:30:00",15913.8466185788
"2004-12-28 04:30:00",14536.8358715742
"2004-12-28 05:30:00",13743.0758538782
"2004-12-28 06:30:00",13321.254941576
"2004-12-28 07:30:00",14209.9249061791
"2004-12-28 08:30:00",14941.5933084964
"2004-12-28 09:30:00",16298.6518408079
"2004-12-28 10:30:00",18673.3399317008
"2004-12-28 11:30:00",21439.6325678588
"2004-12-28 12:30:00",23718.6827455464
"2004-12-28 13:30:00",23734.5705371209
"2004-12-28 14:30:00",24990.9194663047
"2004-12-28 15:30:00",25603.1853905766
"2004-12-28 16:30:00",24600.6960965622
"2004-12-28 17:30:00",25684.4232308106
"2004-12-28 18:30:00",27233.7603295413
"2004-12-28 19:30:00",27314.1673784206
"2004-12-28 20:30:00",26203.32291838
"2004-12-28 21:30:00",25719.3026821934
"2004-12-28 22:30:00",24921.4377873509
"2004-12-28 23:30:00",24970.1214636694
"2004-12-29 00:30:00",23696.5433821604
"2004-12-29 01:30:00",22344.461735363
"2004-12-29 02:30:00",20946.8209498516
"2004-12-29 03:30:00",19607
"2004-12-29 04:30:00",17946.6409248598
"2004-12-29 05:30:00",17525.9979822591
"2004-12-29 06:30:00",17418.0672620104
"2004-12-29 07:30:00",17959.6794286586
"2004-12-29 08:30:00",19334.4023885391
"2004-12-29 09:30:00",21867.1261673777
"2004-12-29 10:30:00",24377.7581544869
"2004-12-29 11:30:00",26851.2492249025
"2004-12-29 12:30:00",27849
"2004-12-29 13:30:00",30094.4457142356
"2004-12-29 14:30:00",30372.3416578938
"2004-12-29 15:30:00",28899.4624916624
"2004-12-29 16:30:00",28352.6187606001
"2004-12-29 17:30:00",28100.6051174528
"2004-12-29 18:30:00",28215.0745391577
"2004-12-29 19:30:00",27934.237657768
"2004-12-29 20:30:00",27383.7554207629
"2004-12-29 21:30:00",27738.8630342407
"2004-12-29 22:30:00",28204.7269744452
"2004-12-29 23:30:00",26286.5729123213
"2004-12-30 00:30:00",24352.95976251
"2004-12-30 01:30:00",22965.4293766963
"2004-12-30 02:30:00",22478.5001110478
"2004-12-30 03:30:00",19878.3226324822
"2004-12-30 04:30:00",18504.5045894615
"2004-12-30 05:30:00",17322.6954348469
"2004-12-30 06:30:00",16273.4289124426
"2004-12-30 07:30:00",16296.6312203766
"2004-12-30 08:30:00",18311.1403436899
"2004-12-30 09:30:00",21070.0605985911
"2004-12-30 10:30:00",23790.3858162762
"2004-12-30 11:30:00",23778.6207850225
"2004-12-30 12:30:00",25567.2345268709
"2004-12-30 13:30:00",27734.5653109642
"2004-12-30 14:30:00",28055.1488550243
"2004-12-30 15:30:00",28079.6565864072
"2004-12-30 16:30:00",27576.1171332535
"2004-12-30 17:30:00",28270.9001278075
"2004-12-30 18:30:00",27378.4725135302
"2004-12-30 19:30:00",26483.6735235269
"2004-12-30 20:30:00",27544.4749240786
"2004-12-30 21:30:00",27030.959256015
"2004-12-30 22:30:00",26585.6690172599
"2004-12-30 23:30:00",26611.2219291001
"2004-12-31 00:30:00",24389.6895044089
"2004-12-31 01:30:00",22038.799701328
"2004-12-31 02:30:00",21501.0864312496
"2004-12-31 03:30:00",19083.0930721735
"2004-12-31 04:30:00",18215.9848866507
"2004-12-31 05:30:00",17021.0881682639
"2004-12-31 06:30:00",15807.8813457963
"2004-12-31 07:30:00",16374.7605552302
"2004-12-31 08:30:00",17422.6724134274
"2004-12-31 09:30:00",19861.0571738955
"2004-12-31 10:30:00",22401.8438447217
"2004-12-31 11:30:00",23639.3061095023
"2004-12-31 12:30:00",24356.7213264537
"2004-12-31 13:30:00",25165.5051387315
"2004-12-31 14:30:00",25465.0926432355
"2004-12-31 15:30:00",26454.8512210114
"2004-12-31 16:30:00",25020.6430431561
"2004-12-31 17:30:00",23902.1004020438
"2004-12-31 18:30:00",23502.6313340994
"2004-12-31 19:30:00",22863.6643171812
"2004-12-31 20:30:00",21647.4600146651
"2004-12-31 21:30:00",21278.5652492362
"2004-12-31 22:30:00",20755.1847592101
"2004-12-31 23:30:00",20180.9947390499
"2005-01-01 00:30:00",19797.1343986522
"2005-01-01 01:30:00",18850.1243527004
"2005-01-01 02:30:00",18190.986129874
"2005-01-01 03:30:00",16869.6288648767
"2005-01-01 04:30:00",15704.1399370836
"2005-01-01 05:30:00",14784.620869609
"2005-01-01 06:30:00",13976.5904122313
"2005-01-01 07:30:00",14012.650515125
"2005-01-01 08:30:00",14051.6636389318
"2005-01-01 09:30:00",14764.4262085548
"2005-01-01 10:30:00",15900.6246864233
"2005-01-01 11:30:00",17985.5599622684
"2005-01-01 12:30:00",20102.6031247815
"2005-01-01 13:30:00",22012.264400605
"2005-01-01 14:30:00",22828.6447934661
"2005-01-01 15:30:00",24594.2946201317
"2005-01-01 16:30:00",25318.7808910212
"2005-01-01 17:30:00",24799.7568983292
"2005-01-01 18:30:00",26044.4700699707
"2005-01-01 19:30:00",25734.5574894814
"2005-01-01 20:30:00",26225.8685916451
"2005-01-01 21:30:00",25705.8805960704
"2005-01-01 22:30:00",26067.5589804682
"2005-01-01 23:30:00",25751.9466717536
"2005-01-02 00:30:00",23849.3876199238
"2005-01-02 01:30:00",21562.8820771331
"2005-01-02 02:30:00",20420.5154042379
"2005-01-02 03:30:00",19032.9129111015
"2005-01-02 04:30:00",17862.727475871
"2005-01-02 05:30:00",16548.4151067517
"2005-01-02 06:30:00",16170.4554283014
"2005-01-02 07:30:00",15980.6628048199
"2005-01-02 08:30:00",16184.7905306265
"2005-01-02 09:30:00",18150.3625003638
"2005-01-02 10:30:00",19275.6394530212
"2005-01-02 11:30:00",20394.1937660674
"2005-01-02 12:30:00",22101.9550348452
"2005-01-02 13:30:00",24495.6114114742
"2005-01-02 14:30:00",26081.4547699399
"2005-01-02 15:30:00",26150.4260294647
"2005-01-02 16:30:00",27837.6818620046
"2005-01-02 17:30:00",27521.4025266314
"2005-01-02 18:30:00",26461.1588350943
"2005-01-02 19:30:00",26606.6543006553
"2005-01-02 20:30:00",27233.5061326947
"2005-01-02 21:30:00",27635.3654327766
"2005-01-02 22:30:00",26539.7961771696
"2005-01-02 23:30:00",25321.2493862098
"2005-01-03 00:30:00",23790.4483372052
"2005-01-03 01:30:00",22250.5552285401
"2005-01-03 02:30:00",21003.2515473966
"2005-01-03 03:30:00",19804.818662652
"2005-01-03 04:30:00",17871.791463867
"2005-01-03 05:30:00",17230.2314409796
"2005-01-03 06:30:00",16807.655132952
"2005-01-03 07:30:00",16693.3508821574
"2005-01-03 08:30:00",16996.8802594124
"2005-01-03 09:30:00",19416.1029185686
"2005-01-03 10:30:00",22224.5524635946
"2005-01-03 11:30:00",23807.7552432683
"2005-01-03 12:30:00",25446.9666173956
"2005-01-03 13:30:00",27278.762130159
"2005-01-03 14:30:00",29072.3678280223
"2005-01-03 15:30:00",30504.2953418854
"2005-01-03 16:30:00",30682.6710728703
"2005-01-03 17:30:00",30168.1865808934
"2005-01-03 18:30:00",29858.9782393385
"2005-01-03 19:30:00",28894.8135686544
"2005-01-03 20:30:00",28499.380318964
"2005-01-03 21:30:00",28814.2249203177
"2005-01-03 22:30:00",27101.3338383067
"2005-01-03 23:30:00",26732.0781953504
"2005-01-04 00:30:00",24864.0666503266
"2005-01-04 01:30:00",22244.8379180305
"2005-01-04 02:30:00",20747
"2005-01-04 03:30:00",18484.2597823579
"2005-01-04 04:30:00",16768.0521339305
"2005-01-04 05:30:00",16424.5717869867
"2005-01-04 06:30:00",15742.9764695834
"2005-01-04 07:30:00",18206.6408661071
"2005-01-04 08:30:00",27849.8046451092
"2005-01-04 09:30:00",35989.3963631984
"2005-01-04 10:30:00",39735.3908293608
"2005-01-04 11:30:00",44037.764536072
"2005-01-04 12:30:00",46568.6838438544
"2005-01-04 13:30:00",48831.3367866712
"2005-01-04 14:30:00",50967.0715030592
"2005-01-04 15:30:00",48968.1527940928
"2005-01-04 16:30:00",42708.2392788552
"2005-01-04 17:30:00",37191.4507961584
"2005-01-04 18:30:00",34996.8636453383
"2005-01-04 19:30:00",35480.4433831814
"2005-01-04 20:30:00",33813.3694204866
"2005-01-04 21:30:00",30848.774546535
"2005-01-04 22:30:00",29975.5982339419
"2005-01-04 23:30:00",29963.9003527497
"2005-01-05 00:30:00",27607.7985521452
"2005-01-05 01:30:00",24792.1588647997
"2005-01-05 02:30:00",23303.715535319
"2005-01-05 03:30:00",20890.7327344228
"2005-01-05 04:30:00",18515.3841584082
"2005-01-05 05:30:00",18331.9862101862
"2005-01-05 06:30:00",18569.8486828106
"2005-01-05 07:30:00",22750
"2005-01-05 08:30:00",37968.2735586366
"2005-01-05 09:30:00",50746.8209397208
"2005-01-05 10:30:00",57359.3049802488
"2005-01-05 11:30:00",62248.8067916536
"2005-01-05 12:30:00",63315.9523449088
"2005-01-05 13:30:00",65428.424191096
"2005-01-05 14:30:00",65532.985584788
"2005-01-05 15:30:00",62734.5247707064
"2005-01-05 16:30:00",52272.3779755448
"2005-01-05 17:30:00",43950.10114266
"2005-01-05 18:30:00",42766.868728084
"2005-01-05 19:30:00",40088.3145877696
"2005-01-05 20:30:00",37992.8141590666
"2005-01-05 21:30:00",37914.2495755192
"2005-01-05 22:30:00",36212.2723857174
"2005-01-05 23:30:00",35050.5956412827
"2005-01-06 00:30:00",31179.654036136
"2005-01-06 01:30:00",27818.5182971888
"2005-01-06 02:30:00",26068.7756114525
"2005-01-06 03:30:00",23589.5248133167
"2005-01-06 04:30:00",21468.3051541797
"2005-01-06 05:30:00",20843.1397308746
"2005-01-06 06:30:00",20406.7038049099
"2005-01-06 07:30:00",25379
"2005-01-06 08:30:00",41403
"2005-01-06 09:30:00",53865.3538246352
"2005-01-06 10:30:00",58150.8375687192
"2005-01-06 11:30:00",63871.6068582848
"2005-01-06 12:30:00",65286
"2005-01-06 13:30:00",71860.8604570368
"2005-01-06 14:30:00",70495.5467738888
"2005-01-06 15:30:00",65613.8898157016
"2005-01-06 16:30:00",53550.7374656944
"2005-01-06 17:30:00",44919.7416162886
"2005-01-06 18:30:00",43110.4532818214
"2005-01-06 19:30:00",39991.7515010255
"2005-01-06 20:30:00",39543.9727964978
"2005-01-06 21:30:00",38222
"2005-01-06 22:30:00",38141.738113811
"2005-01-06 23:30:00",35597.4805061206
"2005-01-07 00:30:00",31792.4178112062
"2005-01-07 01:30:00",28448.5885675889
"2005-01-07 02:30:00",26367.8536253977
"2005-01-07 03:30:00",23087.8955341761
"2005-01-07 04:30:00",21508.4939629165
"2005-01-07 05:30:00",20063.5904515712
"2005-01-07 06:30:00",20411.7161157323
"2005-01-07 07:30:00",24864.6730973991
"2005-01-07 08:30:00",42038.1442000976
"2005-01-07 09:30:00",55457.7573890704
"2005-01-07 10:30:00",60748
"2005-01-07 11:30:00",67098.4948909848
"2005-01-07 12:30:00",68015.164501308
"2005-01-07 13:30:00",70865.5310549712
"2005-01-07 14:30:00",70719.9635362048
"2005-01-07 15:30:00",63011.8796770232
"2005-01-07 16:30:00",51604.3248731392
"2005-01-07 17:30:00",44103.8272955752
"2005-01-07 18:30:00",41607.8066027136
"2005-01-07 19:30:00",41004.425683742
"2005-01-07 20:30:00",40550.4149097182
"2005-01-07 21:30:00",40956.7408404405
"2005-01-07 22:30:00",38546.73367977
"2005-01-07 23:30:00",36440.8588316133
"2005-01-08 00:30:00",34790
"2005-01-08 01:30:00",32128.1394980554
"2005-01-08 02:30:00",30236.0312703738
"2005-01-08 03:30:00",27345.8548832115
"2005-01-08 04:30:00",24921.4949563274
"2005-01-08 05:30:00",22680.4148419006
"2005-01-08 06:30:00",21741.2344701933
"2005-01-08 07:30:00",21444.6865621491
"2005-01-08 08:30:00",22939.2574145074
"2005-01-08 09:30:00",26122.2813873764
"2005-01-08 10:30:00",29728.8201680009
"2005-01-08 11:30:00",33702.9079546558
"2005-01-08 12:30:00",35258.4325955551
"2005-01-08 13:30:00",37460.5513272694
"2005-01-08 14:30:00",39637.4815751333
"2005-01-08 15:30:00",40900.2519633076
"2005-01-08 16:30:00",40550
"2005-01-08 17:30:00",40380.3421635902
"2005-01-08 18:30:00",40032.1585583766
"2005-01-08 19:30:00",40349.4116802972
"2005-01-08 20:30:00",38902.1077054013
"2005-01-08 21:30:00",40225
"2005-01-08 22:30:00",38955.1450866157
"2005-01-08 23:30:00",35681.5372515575
"2005-01-09 00:30:00",34216.7953933114
"2005-01-09 01:30:00",32224.9234854686
"2005-01-09 02:30:00",29815.9339489902
"2005-01-09 03:30:00",28167.1334564968
"2005-01-09 04:30:00",26203.6477170232
"2005-01-09 05:30:00",24066.7431331935
"2005-01-09 06:30:00",23397.9007594051
"2005-01-09 07:30:00",23111.6033855416
"2005-01-09 08:30:00",23747.7548115545
"2005-01-09 09:30:00",26277.7296885506
"2005-01-09 10:30:00",30809.660048414
"2005-01-09 11:30:00",34010.4826300942
"2005-01-09 12:30:00",37324.7236185678
"2005-01-09 13:30:00",40785.3395915351
"2005-01-09 14:30:00",43454.4341327022
"2005-01-09 15:30:00",45943.6605867653
"2005-01-09 16:30:00",48492.2467927954
"2005-01-09 17:30:00",46261
"2005-01-09 18:30:00",46770.4913990171
"2005-01-09 19:30:00",44970.6131673028
"2005-01-09 20:30:00",47440.0821068827
"2005-01-09 21:30:00",44408.3936892491
"2005-01-09 22:30:00",43246.6978823738
"2005-01-09 23:30:00",40382.4839336479
"2005-01-10 00:30:00",37690.5305212655
"2005-01-10 01:30:00",35836.8793940635
"2005-01-10 02:30:00",30440.0577979946
"2005-01-10 03:30:00",27988.3122124946
"2005-01-10 04:30:00",24342.043365983
"2005-01-10 05:30:00",24663.8929918874
"2005-01-10 06:30:00",24693.1987937312
"2005-01-10 07:30:00",29764.5961808883
"2005-01-10 08:30:00",51098.782322835
"2005-01-10 09:30:00",65434.8386783824
"2005-01-10 10:30:00",75500.239680888
"2005-01-10 11:30:00",80879.4300034976
"2005-01-10 12:30:00",82928.1620951568
"2005-01-10 13:30:00",86484.1143481464
"2005-01-10 14:30:00",84129.6833990632
"2005-01-10 15:30:00",80838.7501040504
"2005-01-10 16:30:00",69806.6201112808
"2005-01-10 17:30:00",60442.3024586672
"2005-01-10 18:30:00",57893.21600904
"2005-01-10 19:30:00",55520.5317397622
"2005-01-10 20:30:00",52585.4426415294
"2005-01-10 21:30:00",49760.1230178576
"2005-01-10 22:30:00",48224.3895726051
"2005-01-10 23:30:00",45987.5106253768
"2005-01-11 00:30:00",41514.9412587713
"2005-01-11 01:30:00",37703.547701243
"2005-01-11 02:30:00",34145.7694892091
"2005-01-11 03:30:00",31531.4130174762
"2005-01-11 04:30:00",28465.9837421382
"2005-01-11 05:30:00",27146.7801149911
"2005-01-11 06:30:00",27335.1941344766
"2005-01-11 07:30:00",33151.0882125876
"2005-01-11 08:30:00",51936.6683676168
"2005-01-11 09:30:00",68482.5571078824
"2005-01-11 10:30:00",75787.5757145976
"2005-01-11 11:30:00",83365.344438132
"2005-01-11 12:30:00",84502.5216588808
"2005-01-11 13:30:00",87032.3967149064
"2005-01-11 14:30:00",88326.3514408744
"2005-01-11 15:30:00",83532.08883732
"2005-01-11 16:30:00",70753.7981024832
"2005-01-11 17:30:00",63151.9645939136
"2005-01-11 18:30:00",60456.7452594424
"2005-01-11 19:30:00",57841.0671446918
"2005-01-11 20:30:00",54575.0891942957
"2005-01-11 21:30:00",51863.7132987236
"2005-01-11 22:30:00",49946.726235241
"2005-01-11 23:30:00",47080.8806361357
"2005-01-12 00:30:00",41783.4985091235
"2005-01-12 01:30:00",37975.9831458312
"2005-01-12 02:30:00",33167.9575359541
"2005-01-12 03:30:00",30038.4872465786
"2005-01-12 04:30:00",27638.9893861287
"2005-01-12 05:30:00",26282.5366174521
"2005-01-12 06:30:00",25804.474073916
"2005-01-12 07:30:00",31381.8803635812
"2005-01-12 08:30:00",51816.207157936
"2005-01-12 09:30:00",66859.0851735672
"2005-01-12 10:30:00",77189.127047896
"2005-01-12 11:30:00",82692.4247366896
"2005-01-12 12:30:00",81659.9104699456
"2005-01-12 13:30:00",86444.3627257544
"2005-01-12 14:30:00",82859.1099693504
"2005-01-12 15:30:00",77384.7079978424
"2005-01-12 16:30:00",67721.783124136
"2005-01-12 17:30:00",60678.9702178504
"2005-01-12 18:30:00",57547.7550390976
"2005-01-12 19:30:00",55569.3861947048
"2005-01-12 20:30:00",53176.3423346913
"2005-01-12 21:30:00",50684.4548609903
"2005-01-12 22:30:00",50346.5944434531
"2005-01-12 23:30:00",47423.5524651702
"2005-01-13 00:30:00",40776.9921127139
"2005-01-13 01:30:00",36440.929459847
"2005-01-13 02:30:00",32896.3401568619
"2005-01-13 03:30:00",30102.556973507
"2005-01-13 04:30:00",27515.3883096298
"2005-01-13 05:30:00",26094.477153448
"2005-01-13 06:30:00",27032.689575712
"2005-01-13 07:30:00",32997.0899116764
"2005-01-13 08:30:00",53806.5183184303
"2005-01-13 09:30:00",68904.8849867472
"2005-01-13 10:30:00",76661
"2005-01-13 11:30:00",82263.8725986968
"2005-01-13 12:30:00",81962.4364071872
"2005-01-13 13:30:00",85987
"2005-01-13 14:30:00",88519.8209660352
"2005-01-13 15:30:00",79226.4488611992
"2005-01-13 16:30:00",67510
"2005-01-13 17:30:00",57696.8358757184
"2005-01-13 18:30:00",54627.9570856147
"2005-01-13 19:30:00",53143.3303741644
"2005-01-13 20:30:00",51379.9637319408
"2005-01-13 21:30:00",49175.2207327424
"2005-01-13 22:30:00",45505.5087511477
"2005-01-13 23:30:00",42858.7601207374
"2005-01-14 00:30:00",41231.2164355993
"2005-01-14 01:30:00",36984.8365376799
"2005-01-14 02:30:00",32155.105300897
"2005-01-14 03:30:00",28955.142221195
"2005-01-14 04:30:00",26034.3763539313
"2005-01-14 05:30:00",24392.7960868316
"2005-01-14 06:30:00",24334.842876976
"2005-01-14 07:30:00",29914.2070537451
"2005-01-14 08:30:00",51495.8634255363
"2005-01-14 09:30:00",67809.5029824664
"2005-01-14 10:30:00",75192
"2005-01-14 11:30:00",78875.741296092
"2005-01-14 12:30:00",76366
"2005-01-14 13:30:00",83394.8767816848
"2005-01-14 14:30:00",82946.5869673048
"2005-01-14 15:30:00",76679.6127079024
"2005-01-14 16:30:00",64796.9159851368
"2005-01-14 17:30:00",56124.6925508064
"2005-01-14 18:30:00",53280.2277207295
"2005-01-14 19:30:00",48221.6286284691
"2005-01-14 20:30:00",46033.7933802386
"2005-01-14 21:30:00",45625.5385754832
"2005-01-14 22:30:00",44094.7218700678
"2005-01-14 23:30:00",41101.2122177518
"2005-01-15 00:30:00",39541.8219099215
"2005-01-15 01:30:00",36369.9526048143
"2005-01-15 02:30:00",32676.8665093902
"2005-01-15 03:30:00",30031.2260155478
"2005-01-15 04:30:00",26716.3003620758
"2005-01-15 05:30:00",24675.8822436703
"2005-01-15 06:30:00",24103
"2005-01-15 07:30:00",25035.9070973915
"2005-01-15 08:30:00",26755.6396607124
"2005-01-15 09:30:00",29912.3231107327
"2005-01-15 10:30:00",34991.4354060407
"2005-01-15 11:30:00",39918.8050138474
"2005-01-15 12:30:00",43022.1718922614
"2005-01-15 13:30:00",46200.3026123085
"2005-01-15 14:30:00",48614.9975574886
"2005-01-15 15:30:00",48804
"2005-01-15 16:30:00",47338.928369284
"2005-01-15 17:30:00",47443.2423149717
"2005-01-15 18:30:00",48256.2882745212
"2005-01-15 19:30:00",46432.6056646353
"2005-01-15 20:30:00",44573.0494184329
"2005-01-15 21:30:00",44424.9434151886
"2005-01-15 22:30:00",42881.4702529126
"2005-01-15 23:30:00",42708.612405042
"2005-01-16 00:30:00",41804.7920207087
"2005-01-16 01:30:00",38624.9612089036
"2005-01-16 02:30:00",35508.1762990698
"2005-01-16 03:30:00",31981.713641701
"2005-01-16 04:30:00",29676.6832084942
"2005-01-16 05:30:00",27855.2414638655
"2005-01-16 06:30:00",25890.2912089106
"2005-01-16 07:30:00",25271.1146910467
"2005-01-16 08:30:00",25763.4395476568
"2005-01-16 09:30:00",29307.4365537688
"2005-01-16 10:30:00",35653.1385122146
"2005-01-16 11:30:00",40418.776288875
"2005-01-16 12:30:00",44502.1688865296
"2005-01-16 13:30:00",48511.7502389392
"2005-01-16 14:30:00",51597.4347213168
"2005-01-16 15:30:00",52835.3844872136
"2005-01-16 16:30:00",54001.4360078352
"2005-01-16 17:30:00",52162.6601891568
"2005-01-16 18:30:00",51823.4951687288
"2005-01-16 19:30:00",49528.3518978664
"2005-01-16 20:30:00",48228.8106500466
"2005-01-16 21:30:00",46465.7798740064
"2005-01-16 22:30:00",45900.6973825219
"2005-01-16 23:30:00",43597.9012224144
"2005-01-17 00:30:00",39031.1814375378
"2005-01-17 01:30:00",33858.0640772898
"2005-01-17 02:30:00",30378.5349757222
"2005-01-17 03:30:00",27570.6669673324
"2005-01-17 04:30:00",24791.5681836043
"2005-01-17 05:30:00",23937.9780587094
"2005-01-17 06:30:00",25371.3635984986
"2005-01-17 07:30:00",31794.2548090779
"2005-01-17 08:30:00",53095.1150420736
"2005-01-17 09:30:00",70836.8684679448
"2005-01-17 10:30:00",80240.2027742216
"2005-01-17 11:30:00",86194.2821428032
"2005-01-17 12:30:00",88114.5164075792
"2005-01-17 13:30:00",91497.4152101528
"2005-01-17 14:30:00",91236.6270063744
"2005-01-17 15:30:00",86146
"2005-01-17 16:30:00",75096.5574530664
"2005-01-17 17:30:00",65621.99385424
"2005-01-17 18:30:00",61962.9887469416
"2005-01-17 19:30:00",58191.7738114632
"2005-01-17 20:30:00",55610.9981135728
"2005-01-17 21:30:00",52916.7977128627
"2005-01-17 22:30:00",51392.656427464
"2005-01-17 23:30:00",47291.6239309672
"2005-01-18 00:30:00",44060
"2005-01-18 01:30:00",40101
"2005-01-18 02:30:00",36330.3357974111
"2005-01-18 03:30:00",33388.6831891734
"2005-01-18 04:30:00",30884.9980694003
"2005-01-18 05:30:00",29121.5671083131
"2005-01-18 06:30:00",28727.9220994497
"2005-01-18 07:30:00",32877.6635079134
"2005-01-18 08:30:00",52992.3943543568
"2005-01-18 09:30:00",70739.9362699944
"2005-01-18 10:30:00",79420.9013540576
"2005-01-18 11:30:00",87514.4413493432
"2005-01-18 12:30:00",89891.3917125496
"2005-01-18 13:30:00",92363
"2005-01-18 14:30:00",89571.9021512672
"2005-01-18 15:30:00",85473.4071782992
"2005-01-18 16:30:00",77338.4303250472
"2005-01-18 17:30:00",69810.4947949
"2005-01-18 18:30:00",66369.9103415688
"2005-01-18 19:30:00",64685.8944700544
"2005-01-18 20:30:00",60561.4281940914
"2005-01-18 21:30:00",56976.1812415431
"2005-01-18 22:30:00",55580.168864625
"2005-01-18 23:30:00",51060.4606017164
"2005-01-19 00:30:00",45823.6167069014
"2005-01-19 01:30:00",40641.5720907048
"2005-01-19 02:30:00",36518.3919525201
"2005-01-19 03:30:00",32445.8509596401
"2005-01-19 04:30:00",30447.4448016243
"2005-01-19 05:30:00",30336.5969464962
"2005-01-19 06:30:00",30074.8355311035
"2005-01-19 07:30:00",35615.377320346
"2005-01-19 08:30:00",56472.9199867152
"2005-01-19 09:30:00",74758.2779350168
"2005-01-19 10:30:00",80625.1526162792
"2005-01-19 11:30:00",84952.9525772504
"2005-01-19 12:30:00",85951.8123164376
"2005-01-19 13:30:00",90552.3152312704
"2005-01-19 14:30:00",90306.2492778224
"2005-01-19 15:30:00",83041.81393616
"2005-01-19 16:30:00",76304.7726429712
"2005-01-19 17:30:00",66001.0979467928
"2005-01-19 18:30:00",62987.5188740888
"2005-01-19 19:30:00",60288
"2005-01-19 20:30:00",57135.185040596
"2005-01-19 21:30:00",54699.2100331158
"2005-01-19 22:30:00",52807.2609724549
"2005-01-19 23:30:00",50730.9144623254
"2005-01-20 00:30:00",46539.1639033325
"2005-01-20 01:30:00",40666.3380204709
"2005-01-20 02:30:00",34759.7083678666
"2005-01-20 03:30:00",31370.574928348
"2005-01-20 04:30:00",29680
"2005-01-20 05:30:00",28741.3249305077
"2005-01-20 06:30:00",28500.8072660482
"2005-01-20 07:30:00",35317.7366610207
"2005-01-20 08:30:00",55254.2155614856
"2005-01-20 09:30:00",72645.522534856
"2005-01-20 10:30:00",80896.9201588616
"2005-01-20 11:30:00",86851.6217191392
"2005-01-20 12:30:00",87708.6136229352
"2005-01-20 13:30:00",93628.1652568496
"2005-01-20 14:30:00",91876.7819594768
"2005-01-20 15:30:00",87007.9134932408
"2005-01-20 16:30:00",75656.4035473904
"2005-01-20 17:30:00",66156
"2005-01-20 18:30:00",62986.3005599
"2005-01-20 19:30:00",59824.6534391176
"2005-01-20 20:30:00",57246.760555292
"2005-01-20 21:30:00",54641.565519756
"2005-01-20 22:30:00",53266.7233689536
"2005-01-20 23:30:00",50580.1322676598
"2005-01-21 00:30:00",45983.4406973489
"2005-01-21 01:30:00",42238.8276342399
"2005-01-21 02:30:00",38320.2650878456
"2005-01-21 03:30:00",34378.5520877666
"2005-01-21 04:30:00",31930.5232830729
"2005-01-21 05:30:00",31510.4252539915
"2005-01-21 06:30:00",30830.2304040093
"2005-01-21 07:30:00",35902.6694894065
"2005-01-21 08:30:00",55222.4361600856
"2005-01-21 09:30:00",73560.8192202864
"2005-01-21 10:30:00",80111
"2005-01-21 11:30:00",83003.7282360448
"2005-01-21 12:30:00",81437.1415329008
"2005-01-21 13:30:00",84477.9010266632
"2005-01-21 14:30:00",83847.3910913032
"2005-01-21 15:30:00",76707.984791524
"2005-01-21 16:30:00",63239.8400577288
"2005-01-21 17:30:00",56832
"2005-01-21 18:30:00",56307.9055180744
"2005-01-21 19:30:00",53412.4117278864
"2005-01-21 20:30:00",50746.7271651073
"2005-01-21 21:30:00",48662.2912357802
"2005-01-21 22:30:00",48201.7781088864
"2005-01-21 23:30:00",46673.4599152176
"2005-01-22 00:30:00",44128.2319853342
"2005-01-22 01:30:00",41771.586555893
"2005-01-22 02:30:00",37995.3978191008
"2005-01-22 03:30:00",34546.8286466307
"2005-01-22 04:30:00",32936.9316051334
"2005-01-22 05:30:00",30847.339904019
"2005-01-22 06:30:00",29459.9216647106
"2005-01-22 07:30:00",29911.5526928674
"2005-01-22 08:30:00",31444.8274522306
"2005-01-22 09:30:00",35694.5217887709
"2005-01-22 10:30:00",39791.4957955622
"2005-01-22 11:30:00",42715.0492520405
"2005-01-22 12:30:00",47104.1085872001
"2005-01-22 13:30:00",49775.489766012
"2005-01-22 14:30:00",52201.7532235804
"2005-01-22 15:30:00",54156.0641428612
"2005-01-22 16:30:00",52505.7928120859
"2005-01-22 17:30:00",52525.4875027046
"2005-01-22 18:30:00",52706.9843932134
"2005-01-22 19:30:00",52141.7093656176
"2005-01-22 20:30:00",50541.7815260822
"2005-01-22 21:30:00",49768.6063374618
"2005-01-22 22:30:00",48578.7435254286
"2005-01-22 23:30:00",47224.9466677704
"2005-01-23 00:30:00",44891.5788128376
"2005-01-23 01:30:00",42296.2463323208
"2005-01-23 02:30:00",39147.6168169928
"2005-01-23 03:30:00",36170.3451848482
"2005-01-23 04:30:00",33863.0841928086
"2005-01-23 05:30:00",32177.0694110466
"2005-01-23 06:30:00",29927.82273509
"2005-01-23 07:30:00",28949.3031707125
"2005-01-23 08:30:00",30533.1906250331
"2005-01-23 09:30:00",33938.9425434049
"2005-01-23 10:30:00",38569.1091302185
"2005-01-23 11:30:00",43021.2513830448
"2005-01-23 12:30:00",46883.1780507056
"2005-01-23 13:30:00",51258.8253294456
"2005-01-23 14:30:00",54241.9355271856
"2005-01-23 15:30:00",54742.0831578
"2005-01-23 16:30:00",55396.6317727568
"2005-01-23 17:30:00",53526.3873866896
"2005-01-23 18:30:00",53737.4362672176
"2005-01-23 19:30:00",52364.533817812
"2005-01-23 20:30:00",50889.49933232
"2005-01-23 21:30:00",50394.977643036
"2005-01-23 22:30:00",48893.2491454576
"2005-01-23 23:30:00",48200.2088719328
"2005-01-24 00:30:00",43254.819387976
"2005-01-24 01:30:00",38513.9318624585
"2005-01-24 02:30:00",34113.200804328
"2005-01-24 03:30:00",30901.9029864102
"2005-01-24 04:30:00",28659.3591928427
"2005-01-24 05:30:00",27662.7646429318
"2005-01-24 06:30:00",28239.0834165697
"2005-01-24 07:30:00",35152.3806511254
"2005-01-24 08:30:00",57627.265319036
"2005-01-24 09:30:00",74043
"2005-01-24 10:30:00",83177.8496552008
"2005-01-24 11:30:00",86441.4647890464
"2005-01-24 12:30:00",90771.490574464
"2005-01-24 13:30:00",93503.7616668152
"2005-01-24 14:30:00",94055.1283048728
"2005-01-24 15:30:00",84533.217153104
"2005-01-24 16:30:00",74003.6419577928
"2005-01-24 17:30:00",67839.8750614336
"2005-01-24 18:30:00",64746.7970849688
"2005-01-24 19:30:00",61105.3993796416
"2005-01-24 20:30:00",56881.7344174699
"2005-01-24 21:30:00",54417.1137272424
"2005-01-24 22:30:00",50811.0843130467
"2005-01-24 23:30:00",48799.573003302
"2005-01-25 00:30:00",43701.2488183116
"2005-01-25 01:30:00",39242.8435160533
"2005-01-25 02:30:00",33689.3580387764
"2005-01-25 03:30:00",30857.8677377613
"2005-01-25 04:30:00",28019.6714049094
"2005-01-25 05:30:00",27811.4041483795
"2005-01-25 06:30:00",25677.4580569574
"2005-01-25 07:30:00",31652.8452161416
"2005-01-25 08:30:00",55886.4549110472
"2005-01-25 09:30:00",75961.8470353464
"2005-01-25 10:30:00",86750.9976747968
"2005-01-25 11:30:00",91419.2505674672
"2005-01-25 12:30:00",91405.3511845656
"2005-01-25 13:30:00",93611
"2005-01-25 14:30:00",92109.6325595304
"2005-01-25 15:30:00",85801
"2005-01-25 16:30:00",73586.8305975944
"2005-01-25 17:30:00",66479.546292908
"2005-01-25 18:30:00",64222.1271340528
"2005-01-25 19:30:00",59882.8611919832
"2005-01-25 20:30:00",58759.4231741304
"2005-01-25 21:30:00",55576.2679720552
"2005-01-25 22:30:00",52467.4401207368
"2005-01-25 23:30:00",51906.902560322
"2005-01-26 00:30:00",45798.8440440911
"2005-01-26 01:30:00",39859.9749918359
"2005-01-26 02:30:00",36084.2914449536
"2005-01-26 03:30:00",33738.8837234095
"2005-01-26 04:30:00",31012
"2005-01-26 05:30:00",29885.2399739998
"2005-01-26 06:30:00",29657.8758763025
"2005-01-26 07:30:00",37131.0560195376
"2005-01-26 08:30:00",58456.4196388776
"2005-01-26 09:30:00",74677.3916352224
"2005-01-26 10:30:00",82707.28511452
"2005-01-26 11:30:00",89276.9809927848
"2005-01-26 12:30:00",90175.823439036
"2005-01-26 13:30:00",91528.3484350544
"2005-01-26 14:30:00",91017.8692530952
"2005-01-26 15:30:00",84649.3863592992
"2005-01-26 16:30:00",74295.3275434568
"2005-01-26 17:30:00",66221.1250869296
"2005-01-26 18:30:00",62229.9431644128
"2005-01-26 19:30:00",61476.54507102
"2005-01-26 20:30:00",55868.574492954
"2005-01-26 21:30:00",52286.6364046752
"2005-01-26 22:30:00",51672.9878911224
"2005-01-26 23:30:00",50108.4822482446
"2005-01-27 00:30:00",44081.1595070578
"2005-01-27 01:30:00",39639.3920267862
"2005-01-27 02:30:00",34403
"2005-01-27 03:30:00",30900.8558478097
"2005-01-27 04:30:00",28875.9078202143
"2005-01-27 05:30:00",27760.2943173935
"2005-01-27 06:30:00",27790.8775401712
"2005-01-27 07:30:00",34913.4592040555
"2005-01-27 08:30:00",57116.8243760168
"2005-01-27 09:30:00",72690.7839453392

Internet traffic data (in bits) from an ISP. Aggregated traffic in the United Kingdom academic network backbone. It was collected between 19 November 2004, at 09:30 hours and 27 January 2005, at 11:11 hours. Hourly data

