"Date","Number of daily births in Quebec, Jan. 01, 1977 to Dec. 31, 1990"
"1977-01-01",208
"1977-01-02",241
"1977-01-03",274
"1977-01-04",256
"1977-01-05",294
"1977-01-06",281
"1977-01-07",251
"1977-01-08",230
"1977-01-09",240
"1977-01-10",249
"1977-01-11",272
"1977-01-12",270
"1977-01-13",281
"1977-01-14",295
"1977-01-15",213
"1977-01-16",205
"1977-01-17",263
"1977-01-18",270
"1977-01-19",266
"1977-01-20",312
"1977-01-21",294
"1977-01-22",243
"1977-01-23",187
"1977-01-24",284
"1977-01-25",274
"1977-01-26",311
"1977-01-27",270
"1977-01-28",264
"1977-01-29",220
"1977-01-30",219
"1977-01-31",263
"1977-02-01",271
"1977-02-02",305
"1977-02-03",283
"1977-02-04",269
"1977-02-05",229
"1977-02-06",222
"1977-02-07",281
"1977-02-08",277
"1977-02-09",265
"1977-02-10",282
"1977-02-11",271
"1977-02-12",242
"1977-02-13",212
"1977-02-14",268
"1977-02-15",279
"1977-02-16",272
"1977-02-17",252
"1977-02-18",294
"1977-02-19",235
"1977-02-20",202
"1977-02-21",268
"1977-02-22",295
"1977-02-23",314
"1977-02-24",279
"1977-02-25",314
"1977-02-26",239
"1977-02-27",236
"1977-02-28",290
"1977-03-01",307
"1977-03-02",303
"1977-03-03",300
"1977-03-04",275
"1977-03-05",253
"1977-03-06",204
"1977-03-07",294
"1977-03-08",305
"1977-03-09",318
"1977-03-10",281
"1977-03-11",295
"1977-03-12",251
"1977-03-13",226
"1977-03-14",286
"1977-03-15",309
"1977-03-16",319
"1977-03-17",311
"1977-03-18",294
"1977-03-19",266
"1977-03-20",221
"1977-03-21",294
"1977-03-22",301
"1977-03-23",288
"1977-03-24",301
"1977-03-25",289
"1977-03-26",258
"1977-03-27",217
"1977-03-28",237
"1977-03-29",311
"1977-03-30",260
"1977-03-31",308
"1977-04-01",316
"1977-04-02",258
"1977-04-03",229
"1977-04-04",290
"1977-04-05",326
"1977-04-06",313
"1977-04-07",302
"1977-04-08",270
"1977-04-09",249
"1977-04-10",194
"1977-04-11",253
"1977-04-12",314
"1977-04-13",298
"1977-04-14",343
"1977-04-15",319
"1977-04-16",244
"1977-04-17",235
"1977-04-18",288
"1977-04-19",347
"1977-04-20",285
"1977-04-21",300
"1977-04-22",285
"1977-04-23",231
"1977-04-24",240
"1977-04-25",333
"1977-04-26",284
"1977-04-27",304
"1977-04-28",324
"1977-04-29",255
"1977-04-30",248
"1977-05-01",261
"1977-05-02",311
"1977-05-03",299
"1977-05-04",304
"1977-05-05",319
"1977-05-06",321
"1977-05-07",245
"1977-05-08",188
"1977-05-09",302
"1977-05-10",316
"1977-05-11",316
"1977-05-12",311
"1977-05-13",280
"1977-05-14",199
"1977-05-15",225
"1977-05-16",320
"1977-05-17",294
"1977-05-18",328
"1977-05-19",279
"1977-05-20",309
"1977-05-21",255
"1977-05-22",230
"1977-05-23",264
"1977-05-24",292
"1977-05-25",322
"1977-05-26",302
"1977-05-27",312
"1977-05-28",211
"1977-05-29",222
"1977-05-30",293
"1977-05-31",253
"1977-06-01",307
"1977-06-02",271
"1977-06-03",314
"1977-06-04",217
"1977-06-05",227
"1977-06-06",293
"1977-06-07",293
"1977-06-08",281
"1977-06-09",285
"1977-06-10",286
"1977-06-11",226
"1977-06-12",233
"1977-06-13",279
"1977-06-14",305
"1977-06-15",269
"1977-06-16",276
"1977-06-17",298
"1977-06-18",205
"1977-06-19",217
"1977-06-20",264
"1977-06-21",295
"1977-06-22",346
"1977-06-23",333
"1977-06-24",219
"1977-06-25",231
"1977-06-26",200
"1977-06-27",265
"1977-06-28",294
"1977-06-29",307
"1977-06-30",327
"1977-07-01",298
"1977-07-02",239
"1977-07-03",212
"1977-07-04",263
"1977-07-05",292
"1977-07-06",266
"1977-07-07",298
"1977-07-08",288
"1977-07-09",237
"1977-07-10",239
"1977-07-11",260
"1977-07-12",285
"1977-07-13",279
"1977-07-14",297
"1977-07-15",306
"1977-07-16",220
"1977-07-17",219
"1977-07-18",256
"1977-07-19",304
"1977-07-20",303
"1977-07-21",250
"1977-07-22",280
"1977-07-23",219
"1977-07-24",209
"1977-07-25",269
"1977-07-26",277
"1977-07-27",308
"1977-07-28",274
"1977-07-29",291
"1977-07-30",270
"1977-07-31",227
"1977-08-01",252
"1977-08-02",286
"1977-08-03",296
"1977-08-04",303
"1977-08-05",279
"1977-08-06",224
"1977-08-07",205
"1977-08-08",256
"1977-08-09",319
"1977-08-10",302
"1977-08-11",281
"1977-08-12",272
"1977-08-13",244
"1977-08-14",212
"1977-08-15",278
"1977-08-16",297
"1977-08-17",266
"1977-08-18",300
"1977-08-19",290
"1977-08-20",220
"1977-08-21",233
"1977-08-22",226
"1977-08-23",268
"1977-08-24",272
"1977-08-25",251
"1977-08-26",293
"1977-08-27",210
"1977-08-28",242
"1977-08-29",267
"1977-08-30",289
"1977-08-31",293
"1977-09-01",318
"1977-09-02",270
"1977-09-03",204
"1977-09-04",219
"1977-09-05",213
"1977-09-06",256
"1977-09-07",283
"1977-09-08",265
"1977-09-09",291
"1977-09-10",205
"1977-09-11",241
"1977-09-12",263
"1977-09-13",277
"1977-09-14",273
"1977-09-15",293
"1977-09-16",292
"1977-09-17",240
"1977-09-18",207
"1977-09-19",286
"1977-09-20",325
"1977-09-21",316
"1977-09-22",292
"1977-09-23",306
"1977-09-24",246
"1977-09-25",202
"1977-09-26",313
"1977-09-27",321
"1977-09-28",333
"1977-09-29",319
"1977-09-30",336
"1977-10-01",252
"1977-10-02",208
"1977-10-03",259
"1977-10-04",293
"1977-10-05",271
"1977-10-06",305
"1977-10-07",297
"1977-10-08",223
"1977-10-09",224
"1977-10-10",274
"1977-10-11",280
"1977-10-12",312
"1977-10-13",292
"1977-10-14",300
"1977-10-15",263
"1977-10-16",227
"1977-10-17",269
"1977-10-18",292
"1977-10-19",286
"1977-10-20",313
"1977-10-21",267
"1977-10-22",231
"1977-10-23",196
"1977-10-24",259
"1977-10-25",309
"1977-10-26",332
"1977-10-27",267
"1977-10-28",256
"1977-10-29",246
"1977-10-30",202
"1977-10-31",252
"1977-11-01",306
"1977-11-02",291
"1977-11-03",239
"1977-11-04",275
"1977-11-05",202
"1977-11-06",193
"1977-11-07",276
"1977-11-08",279
"1977-11-09",257
"1977-11-10",241
"1977-11-11",265
"1977-11-12",243
"1977-11-13",192
"1977-11-14",224
"1977-11-15",264
"1977-11-16",284
"1977-11-17",274
"1977-11-18",286
"1977-11-19",220
"1977-11-20",227
"1977-11-21",250
"1977-11-22",281
"1977-11-23",267
"1977-11-24",236
"1977-11-25",282
"1977-11-26",226
"1977-11-27",207
"1977-11-28",289
"1977-11-29",269
"1977-11-30",294
"1977-12-01",258
"1977-12-02",296
"1977-12-03",219
"1977-12-04",227
"1977-12-05",227
"1977-12-06",257
"1977-12-07",259
"1977-12-08",255
"1977-12-09",219
"1977-12-10",200
"1977-12-11",193
"1977-12-12",231
"1977-12-13",258
"1977-12-14",243
"1977-12-15",265
"1977-12-16",256
"1977-12-17",195
"1977-12-18",184
"1977-12-19",236
"1977-12-20",300
"1977-12-21",264
"1977-12-22",300
"1977-12-23",207
"1977-12-24",175
"1977-12-25",142
"1977-12-26",181
"1977-12-27",223
"1977-12-28",268
"1977-12-29",241
"1977-12-30",234
"1977-12-31",173
"1978-01-01",188
"1978-01-02",221
"1978-01-03",216
"1978-01-04",277
"1978-01-05",261
"1978-01-06",270
"1978-01-07",191
"1978-01-08",191
"1978-01-09",247
"1978-01-10",289
"1978-01-11",273
"1978-01-12",279
"1978-01-13",256
"1978-01-14",222
"1978-01-15",204
"1978-01-16",227
"1978-01-17",289
"1978-01-18",267
"1978-01-19",261
"1978-01-20",261
"1978-01-21",247
"1978-01-22",214
"1978-01-23",250
"1978-01-24",276
"1978-01-25",275
"1978-01-26",270
"1978-01-27",267
"1978-01-28",218
"1978-01-29",193
"1978-01-30",243
"1978-01-31",285
"1978-02-01",244
"1978-02-02",289
"1978-02-03",274
"1978-02-04",235
"1978-02-05",209
"1978-02-06",281
"1978-02-07",313
"1978-02-08",282
"1978-02-09",285
"1978-02-10",298
"1978-02-11",259
"1978-02-12",184
"1978-02-13",266
"1978-02-14",312
"1978-02-15",285
"1978-02-16",288
"1978-02-17",286
"1978-02-18",218
"1978-02-19",227
"1978-02-20",290
"1978-02-21",292
"1978-02-22",288
"1978-02-23",276
"1978-02-24",300
"1978-02-25",208
"1978-02-26",206
"1978-02-27",276
"1978-02-28",325
"1978-03-01",288
"1978-03-02",264
"1978-03-03",326
"1978-03-04",240
"1978-03-05",207
"1978-03-06",265
"1978-03-07",292
"1978-03-08",308
"1978-03-09",282
"1978-03-10",288
"1978-03-11",218
"1978-03-12",201
"1978-03-13",250
"1978-03-14",301
"1978-03-15",314
"1978-03-16",315
"1978-03-17",312
"1978-03-18",255
"1978-03-19",220
"1978-03-20",281
"1978-03-21",303
"1978-03-22",333
"1978-03-23",319
"1978-03-24",265
"1978-03-25",201
"1978-03-26",207
"1978-03-27",265
"1978-03-28",317
"1978-03-29",287
"1978-03-30",318
"1978-03-31",291
"1978-04-01",268
"1978-04-02",217
"1978-04-03",272
"1978-04-04",275
"1978-04-05",335
"1978-04-06",303
"1978-04-07",305
"1978-04-08",257
"1978-04-09",247
"1978-04-10",310
"1978-04-11",314
"1978-04-12",271
"1978-04-13",323
"1978-04-14",266
"1978-04-15",240
"1978-04-16",189
"1978-04-17",279
"1978-04-18",299
"1978-04-19",315
"1978-04-20",321
"1978-04-21",321
"1978-04-22",262
"1978-04-23",228
"1978-04-24",279
"1978-04-25",269
"1978-04-26",297
"1978-04-27",305
"1978-04-28",301
"1978-04-29",243
"1978-04-30",211
"1978-05-01",292
"1978-05-02",303
"1978-05-03",300
"1978-05-04",279
"1978-05-05",296
"1978-05-06",239
"1978-05-07",217
"1978-05-08",292
"1978-05-09",309
"1978-05-10",303
"1978-05-11",269
"1978-05-12",317
"1978-05-13",245
"1978-05-14",260
"1978-05-15",312
"1978-05-16",285
"1978-05-17",306
"1978-05-18",344
"1978-05-19",324
"1978-05-20",244
"1978-05-21",218
"1978-05-22",250
"1978-05-23",287
"1978-05-24",346
"1978-05-25",310
"1978-05-26",295
"1978-05-27",241
"1978-05-28",242
"1978-05-29",260
"1978-05-30",272
"1978-05-31",338
"1978-06-01",313
"1978-06-02",268
"1978-06-03",225
"1978-06-04",220
"1978-06-05",261
"1978-06-06",279
"1978-06-07",282
"1978-06-08",302
"1978-06-09",281
"1978-06-10",203
"1978-06-11",193
"1978-06-12",284
"1978-06-13",303
"1978-06-14",305
"1978-06-15",268
"1978-06-16",277
"1978-06-17",224
"1978-06-18",211
"1978-06-19",274
"1978-06-20",309
"1978-06-21",309
"1978-06-22",285
"1978-06-23",230
"1978-06-24",212
"1978-06-25",225
"1978-06-26",271
"1978-06-27",287
"1978-06-28",304
"1978-06-29",307
"1978-06-30",242
"1978-07-01",198
"1978-07-02",198
"1978-07-03",242
"1978-07-04",284
"1978-07-05",290
"1978-07-06",315
"1978-07-07",299
"1978-07-08",244
"1978-07-09",249
"1978-07-10",279
"1978-07-11",295
"1978-07-12",286
"1978-07-13",275
"1978-07-14",261
"1978-07-15",210
"1978-07-16",200
"1978-07-17",290
"1978-07-18",264
"1978-07-19",252
"1978-07-20",285
"1978-07-21",252
"1978-07-22",247
"1978-07-23",222
"1978-07-24",234
"1978-07-25",285
"1978-07-26",262
"1978-07-27",283
"1978-07-28",279
"1978-07-29",221
"1978-07-30",208
"1978-07-31",258
"1978-08-01",291
"1978-08-02",290
"1978-08-03",299
"1978-08-04",239
"1978-08-05",236
"1978-08-06",212
"1978-08-07",282
"1978-08-08",304
"1978-08-09",265
"1978-08-10",300
"1978-08-11",257
"1978-08-12",208
"1978-08-13",202
"1978-08-14",283
"1978-08-15",282
"1978-08-16",272
"1978-08-17",321
"1978-08-18",295
"1978-08-19",244
"1978-08-20",210
"1978-08-21",246
"1978-08-22",283
"1978-08-23",284
"1978-08-24",255
"1978-08-25",245
"1978-08-26",217
"1978-08-27",178
"1978-08-28",287
"1978-08-29",279
"1978-08-30",249
"1978-08-31",271
"1978-09-01",278
"1978-09-02",196
"1978-09-03",213
"1978-09-04",200
"1978-09-05",298
"1978-09-06",279
"1978-09-07",269
"1978-09-08",278
"1978-09-09",221
"1978-09-10",202
"1978-09-11",246
"1978-09-12",301
"1978-09-13",256
"1978-09-14",290
"1978-09-15",302
"1978-09-16",228
"1978-09-17",212
"1978-09-18",255
"1978-09-19",313
"1978-09-20",271
"1978-09-21",296
"1978-09-22",284
"1978-09-23",238
"1978-09-24",220
"1978-09-25",287
"1978-09-26",350
"1978-09-27",287
"1978-09-28",342
"1978-09-29",298
"1978-09-30",215
"1978-10-01",228
"1978-10-02",272
"1978-10-03",275
"1978-10-04",255
"1978-10-05",282
"1978-10-06",300
"1978-10-07",217
"1978-10-08",175
"1978-10-09",224
"1978-10-10",265
"1978-10-11",304
"1978-10-12",256
"1978-10-13",276
"1978-10-14",187
"1978-10-15",222
"1978-10-16",231
"1978-10-17",292
"1978-10-18",247
"1978-10-19",259
"1978-10-20",278
"1978-10-21",236
"1978-10-22",228
"1978-10-23",263
"1978-10-24",293
"1978-10-25",285
"1978-10-26",220
"1978-10-27",258
"1978-10-28",224
"1978-10-29",201
"1978-10-30",212
"1978-10-31",247
"1978-11-01",280
"1978-11-02",253
"1978-11-03",237
"1978-11-04",186
"1978-11-05",193
"1978-11-06",221
"1978-11-07",288
"1978-11-08",273
"1978-11-09",282
"1978-11-10",249
"1978-11-11",220
"1978-11-12",189
"1978-11-13",272
"1978-11-14",267
"1978-11-15",270
"1978-11-16",283
"1978-11-17",263
"1978-11-18",216
"1978-11-19",190
"1978-11-20",262
"1978-11-21",265
"1978-11-22",255
"1978-11-23",247
"1978-11-24",271
"1978-11-25",203
"1978-11-26",206
"1978-11-27",242
"1978-11-28",275
"1978-11-29",249
"1978-11-30",288
"1978-12-01",278
"1978-12-02",233
"1978-12-03",205
"1978-12-04",242
"1978-12-05",254
"1978-12-06",255
"1978-12-07",283
"1978-12-08",273
"1978-12-09",199
"1978-12-10",208
"1978-12-11",269
"1978-12-12",297
"1978-12-13",262
"1978-12-14",268
"1978-12-15",288
"1978-12-16",238
"1978-12-17",204
"1978-12-18",262
"1978-12-19",283
"1978-12-20",271
"1978-12-21",274
"1978-12-22",242
"1978-12-23",208
"1978-12-24",190
"1978-12-25",179
"1978-12-26",202
"1978-12-27",240
"1978-12-28",283
"1978-12-29",260
"1978-12-30",199
"1978-12-31",211
"1979-01-01",208
"1979-01-02",219
"1979-01-03",229
"1979-01-04",242
"1979-01-05",280
"1979-01-06",192
"1979-01-07",165
"1979-01-08",264
"1979-01-09",230
"1979-01-10",279
"1979-01-11",271
"1979-01-12",267
"1979-01-13",185
"1979-01-14",208
"1979-01-15",261
"1979-01-16",254
"1979-01-17",253
"1979-01-18",270
"1979-01-19",271
"1979-01-20",224
"1979-01-21",230
"1979-01-22",280
"1979-01-23",249
"1979-01-24",276
"1979-01-25",275
"1979-01-26",277
"1979-01-27",218
"1979-01-28",222
"1979-01-29",270
"1979-01-30",291
"1979-01-31",260
"1979-02-01",287
"1979-02-02",260
"1979-02-03",204
"1979-02-04",214
"1979-02-05",236
"1979-02-06",301
"1979-02-07",275
"1979-02-08",265
"1979-02-09",255
"1979-02-10",207
"1979-02-11",213
"1979-02-12",221
"1979-02-13",296
"1979-02-14",276
"1979-02-15",279
"1979-02-16",251
"1979-02-17",204
"1979-02-18",222
"1979-02-19",250
"1979-02-20",270
"1979-02-21",279
"1979-02-22",322
"1979-02-23",305
"1979-02-24",221
"1979-02-25",207
"1979-02-26",283
"1979-02-27",290
"1979-02-28",295
"1979-03-01",322
"1979-03-02",307
"1979-03-03",248
"1979-03-04",207
"1979-03-05",288
"1979-03-06",285
"1979-03-07",299
"1979-03-08",309
"1979-03-09",284
"1979-03-10",258
"1979-03-11",211
"1979-03-12",279
"1979-03-13",297
"1979-03-14",307
"1979-03-15",308
"1979-03-16",292
"1979-03-17",233
"1979-03-18",237
"1979-03-19",282
"1979-03-20",307
"1979-03-21",330
"1979-03-22",311
"1979-03-23",279
"1979-03-24",255
"1979-03-25",236
"1979-03-26",287
"1979-03-27",319
"1979-03-28",302
"1979-03-29",321
"1979-03-30",303
"1979-03-31",250
"1979-04-01",234
"1979-04-02",291
"1979-04-03",327
"1979-04-04",321
"1979-04-05",326
"1979-04-06",347
"1979-04-07",225
"1979-04-08",224
"1979-04-09",286
"1979-04-10",311
"1979-04-11",326
"1979-04-12",317
"1979-04-13",292
"1979-04-14",285
"1979-04-15",237
"1979-04-16",255
"1979-04-17",309
"1979-04-18",321
"1979-04-19",311
"1979-04-20",319
"1979-04-21",263
"1979-04-22",245
"1979-04-23",275
"1979-04-24",317
"1979-04-25",300
"1979-04-26",305
"1979-04-27",295
"1979-04-28",240
"1979-04-29",206
"1979-04-30",291
"1979-05-01",317
"1979-05-02",301
"1979-05-03",290
"1979-05-04",302
"1979-05-05",242
"1979-05-06",203
"1979-05-07",307
"1979-05-08",343
"1979-05-09",333
"1979-05-10",314
"1979-05-11",326
"1979-05-12",230
"1979-05-13",227
"1979-05-14",296
"1979-05-15",313
"1979-05-16",306
"1979-05-17",322
"1979-05-18",340
"1979-05-19",244
"1979-05-20",273
"1979-05-21",255
"1979-05-22",296
"1979-05-23",274
"1979-05-24",284
"1979-05-25",338
"1979-05-26",217
"1979-05-27",187
"1979-05-28",302
"1979-05-29",298
"1979-05-30",289
"1979-05-31",332
"1979-06-01",287
"1979-06-02",232
"1979-06-03",224
"1979-06-04",301
"1979-06-05",308
"1979-06-06",288
"1979-06-07",303
"1979-06-08",307
"1979-06-09",260
"1979-06-10",219
"1979-06-11",322
"1979-06-12",284
"1979-06-13",306
"1979-06-14",275
"1979-06-15",262
"1979-06-16",240
"1979-06-17",248
"1979-06-18",289
"1979-06-19",316
"1979-06-20",284
"1979-06-21",345
"1979-06-22",324
"1979-06-23",224
"1979-06-24",217
"1979-06-25",241
"1979-06-26",310
"1979-06-27",298
"1979-06-28",339
"1979-06-29",313
"1979-06-30",252
"1979-07-01",207
"1979-07-02",235
"1979-07-03",313
"1979-07-04",307
"1979-07-05",317
"1979-07-06",322
"1979-07-07",269
"1979-07-08",218
"1979-07-09",273
"1979-07-10",327
"1979-07-11",318
"1979-07-12",318
"1979-07-13",324
"1979-07-14",228
"1979-07-15",231
"1979-07-16",260
"1979-07-17",309
"1979-07-18",298
"1979-07-19",311
"1979-07-20",266
"1979-07-21",227
"1979-07-22",178
"1979-07-23",314
"1979-07-24",335
"1979-07-25",294
"1979-07-26",299
"1979-07-27",272
"1979-07-28",234
"1979-07-29",195
"1979-07-30",279
"1979-07-31",285
"1979-08-01",286
"1979-08-02",278
"1979-08-03",288
"1979-08-04",222
"1979-08-05",216
"1979-08-06",295
"1979-08-07",264
"1979-08-08",294
"1979-08-09",304
"1979-08-10",305
"1979-08-11",228
"1979-08-12",216
"1979-08-13",260
"1979-08-14",276
"1979-08-15",305
"1979-08-16",290
"1979-08-17",294
"1979-08-18",249
"1979-08-19",223
"1979-08-20",279
"1979-08-21",312
"1979-08-22",297
"1979-08-23",284
"1979-08-24",317
"1979-08-25",248
"1979-08-26",202
"1979-08-27",259
"1979-08-28",297
"1979-08-29",249
"1979-08-30",295
"1979-08-31",275
"1979-09-01",204
"1979-09-02",199
"1979-09-03",226
"1979-09-04",280
"1979-09-05",301
"1979-09-06",329
"1979-09-07",307
"1979-09-08",208
"1979-09-09",222
"1979-09-10",298
"1979-09-11",329
"1979-09-12",320
"1979-09-13",305
"1979-09-14",327
"1979-09-15",226
"1979-09-16",251
"1979-09-17",281
"1979-09-18",365
"1979-09-19",311
"1979-09-20",332
"1979-09-21",305
"1979-09-22",277
"1979-09-23",210
"1979-09-24",309
"1979-09-25",347
"1979-09-26",338
"1979-09-27",358
"1979-09-28",344
"1979-09-29",243
"1979-09-30",233
"1979-10-01",265
"1979-10-02",300
"1979-10-03",278
"1979-10-04",328
"1979-10-05",286
"1979-10-06",246
"1979-10-07",240
"1979-10-08",229
"1979-10-09",275
"1979-10-10",259
"1979-10-11",292
"1979-10-12",311
"1979-10-13",230
"1979-10-14",234
"1979-10-15",276
"1979-10-16",281
"1979-10-17",313
"1979-10-18",285
"1979-10-19",275
"1979-10-20",224
"1979-10-21",203
"1979-10-22",266
"1979-10-23",294
"1979-10-24",275
"1979-10-25",273
"1979-10-26",279
"1979-10-27",230
"1979-10-28",202
"1979-10-29",270
"1979-10-30",283
"1979-10-31",285
"1979-11-01",258
"1979-11-02",257
"1979-11-03",227
"1979-11-04",214
"1979-11-05",242
"1979-11-06",305
"1979-11-07",284
"1979-11-08",316
"1979-11-09",288
"1979-11-10",254
"1979-11-11",221
"1979-11-12",295
"1979-11-13",260
"1979-11-14",288
"1979-11-15",270
"1979-11-16",245
"1979-11-17",201
"1979-11-18",222
"1979-11-19",263
"1979-11-20",288
"1979-11-21",248
"1979-11-22",249
"1979-11-23",280
"1979-11-24",199
"1979-11-25",189
"1979-11-26",279
"1979-11-27",285
"1979-11-28",262
"1979-11-29",294
"1979-11-30",256
"1979-12-01",206
"1979-12-02",176
"1979-12-03",227
"1979-12-04",277
"1979-12-05",297
"1979-12-06",276
"1979-12-07",277
"1979-12-08",206
"1979-12-09",221
"1979-12-10",257
"1979-12-11",273
"1979-12-12",267
"1979-12-13",272
"1979-12-14",254
"1979-12-15",222
"1979-12-16",205
"1979-12-17",267
"1979-12-18",296
"1979-12-19",282
"1979-12-20",276
"1979-12-21",275
"1979-12-22",186
"1979-12-23",189
"1979-12-24",206
"1979-12-25",192
"1979-12-26",221
"1979-12-27",285
"1979-12-28",327
"1979-12-29",226
"1979-12-30",213
"1979-12-31",230
"1980-01-01",208
"1980-01-02",229
"1980-01-03",291
"1980-01-04",273
"1980-01-05",226
"1980-01-06",216
"1980-01-07",225
"1980-01-08",284
"1980-01-09",279
"1980-01-10",241
"1980-01-11",267
"1980-01-12",211
"1980-01-13",202
"1980-01-14",268
"1980-01-15",264
"1980-01-16",270
"1980-01-17",302
"1980-01-18",286
"1980-01-19",218
"1980-01-20",201
"1980-01-21",276
"1980-01-22",278
"1980-01-23",244
"1980-01-24",243
"1980-01-25",267
"1980-01-26",220
"1980-01-27",212
"1980-01-28",247
"1980-01-29",280
"1980-01-30",251
"1980-01-31",259
"1980-02-01",265
"1980-02-02",219
"1980-02-03",207
"1980-02-04",282
"1980-02-05",269
"1980-02-06",253
"1980-02-07",306
"1980-02-08",264
"1980-02-09",213
"1980-02-10",207
"1980-02-11",242
"1980-02-12",310
"1980-02-13",246
"1980-02-14",300
"1980-02-15",279
"1980-02-16",220
"1980-02-17",234
"1980-02-18",262
"1980-02-19",316
"1980-02-20",285
"1980-02-21",328
"1980-02-22",255
"1980-02-23",223
"1980-02-24",215
"1980-02-25",264
"1980-02-26",314
"1980-02-27",317
"1980-02-28",312
"1980-02-29",255
"1980-03-01",250
"1980-03-02",215
"1980-03-03",236
"1980-03-04",284
"1980-03-05",285
"1980-03-06",298
"1980-03-07",282
"1980-03-08",243
"1980-03-09",248
"1980-03-10",284
"1980-03-11",289
"1980-03-12",291
"1980-03-13",285
"1980-03-14",271
"1980-03-15",235
"1980-03-16",220
"1980-03-17",304
"1980-03-18",297
"1980-03-19",311
"1980-03-20",275
"1980-03-21",296
"1980-03-22",261
"1980-03-23",257
"1980-03-24",298
"1980-03-25",300
"1980-03-26",293
"1980-03-27",290
"1980-03-28",273
"1980-03-29",242
"1980-03-30",214
"1980-03-31",278
"1980-04-01",323
"1980-04-02",333
"1980-04-03",328
"1980-04-04",251
"1980-04-05",225
"1980-04-06",217
"1980-04-07",248
"1980-04-08",298
"1980-04-09",294
"1980-04-10",326
"1980-04-11",295
"1980-04-12",279
"1980-04-13",227
"1980-04-14",296
"1980-04-15",284
"1980-04-16",315
"1980-04-17",296
"1980-04-18",291
"1980-04-19",234
"1980-04-20",220
"1980-04-21",298
"1980-04-22",305
"1980-04-23",276
"1980-04-24",329
"1980-04-25",296
"1980-04-26",245
"1980-04-27",232
"1980-04-28",294
"1980-04-29",325
"1980-04-30",325
"1980-05-01",304
"1980-05-02",292
"1980-05-03",215
"1980-05-04",237
"1980-05-05",293
"1980-05-06",259
"1980-05-07",270
"1980-05-08",300
"1980-05-09",280
"1980-05-10",245
"1980-05-11",241
"1980-05-12",297
"1980-05-13",314
"1980-05-14",324
"1980-05-15",318
"1980-05-16",277
"1980-05-17",213
"1980-05-18",233
"1980-05-19",267
"1980-05-20",306
"1980-05-21",319
"1980-05-22",326
"1980-05-23",339
"1980-05-24",250
"1980-05-25",233
"1980-05-26",307
"1980-05-27",284
"1980-05-28",306
"1980-05-29",282
"1980-05-30",291
"1980-05-31",232
"1980-06-01",227
"1980-06-02",312
"1980-06-03",333
"1980-06-04",312
"1980-06-05",312
"1980-06-06",291
"1980-06-07",226
"1980-06-08",216
"1980-06-09",281
"1980-06-10",301
"1980-06-11",255
"1980-06-12",320
"1980-06-13",246
"1980-06-14",227
"1980-06-15",225
"1980-06-16",279
"1980-06-17",284
"1980-06-18",284
"1980-06-19",288
"1980-06-20",301
"1980-06-21",248
"1980-06-22",223
"1980-06-23",292
"1980-06-24",251
"1980-06-25",301
"1980-06-26",346
"1980-06-27",339
"1980-06-28",247
"1980-06-29",200
"1980-06-30",259
"1980-07-01",250
"1980-07-02",283
"1980-07-03",329
"1980-07-04",313
"1980-07-05",218
"1980-07-06",244
"1980-07-07",253
"1980-07-08",325
"1980-07-09",272
"1980-07-10",328
"1980-07-11",306
"1980-07-12",248
"1980-07-13",194
"1980-07-14",257
"1980-07-15",292
"1980-07-16",258
"1980-07-17",302
"1980-07-18",283
"1980-07-19",240
"1980-07-20",230
"1980-07-21",296
"1980-07-22",289
"1980-07-23",280
"1980-07-24",294
"1980-07-25",310
"1980-07-26",223
"1980-07-27",213
"1980-07-28",275
"1980-07-29",260
"1980-07-30",299
"1980-07-31",262
"1980-08-01",323
"1980-08-02",224
"1980-08-03",193
"1980-08-04",239
"1980-08-05",301
"1980-08-06",268
"1980-08-07",264
"1980-08-08",261
"1980-08-09",230
"1980-08-10",217
"1980-08-11",250
"1980-08-12",328
"1980-08-13",307
"1980-08-14",294
"1980-08-15",302
"1980-08-16",208
"1980-08-17",198
"1980-08-18",255
"1980-08-19",302
"1980-08-20",249
"1980-08-21",278
"1980-08-22",314
"1980-08-23",265
"1980-08-24",203
"1980-08-25",309
"1980-08-26",290
"1980-08-27",310
"1980-08-28",275
"1980-08-29",285
"1980-08-30",247
"1980-08-31",198
"1980-09-01",224
"1980-09-02",241
"1980-09-03",286
"1980-09-04",277
"1980-09-05",308
"1980-09-06",232
"1980-09-07",206
"1980-09-08",248
"1980-09-09",307
"1980-09-10",270
"1980-09-11",305
"1980-09-12",281
"1980-09-13",211
"1980-09-14",260
"1980-09-15",298
"1980-09-16",323
"1980-09-17",350
"1980-09-18",287
"1980-09-19",341
"1980-09-20",218
"1980-09-21",246
"1980-09-22",320
"1980-09-23",339
"1980-09-24",336
"1980-09-25",334
"1980-09-26",333
"1980-09-27",231
"1980-09-28",222
"1980-09-29",317
"1980-09-30",366
"1980-10-01",283
"1980-10-02",312
"1980-10-03",279
"1980-10-04",230
"1980-10-05",195
"1980-10-06",300
"1980-10-07",299
"1980-10-08",268
"1980-10-09",313
"1980-10-10",299
"1980-10-11",222
"1980-10-12",215
"1980-10-13",237
"1980-10-14",277
"1980-10-15",288
"1980-10-16",276
"1980-10-17",252
"1980-10-18",221
"1980-10-19",219
"1980-10-20",284
"1980-10-21",332
"1980-10-22",259
"1980-10-23",281
"1980-10-24",268
"1980-10-25",208
"1980-10-26",231
"1980-10-27",260
"1980-10-28",282
"1980-10-29",276
"1980-10-30",267
"1980-10-31",231
"1980-11-01",231
"1980-11-02",213
"1980-11-03",216
"1980-11-04",247
"1980-11-05",273
"1980-11-06",296
"1980-11-07",251
"1980-11-08",222
"1980-11-09",179
"1980-11-10",233
"1980-11-11",285
"1980-11-12",289
"1980-11-13",281
"1980-11-14",254
"1980-11-15",225
"1980-11-16",176
"1980-11-17",279
"1980-11-18",270
"1980-11-19",279
"1980-11-20",273
"1980-11-21",273
"1980-11-22",172
"1980-11-23",188
"1980-11-24",267
"1980-11-25",261
"1980-11-26",316
"1980-11-27",252
"1980-11-28",257
"1980-11-29",214
"1980-11-30",183
"1980-12-01",270
"1980-12-02",257
"1980-12-03",256
"1980-12-04",252
"1980-12-05",267
"1980-12-06",193
"1980-12-07",173
"1980-12-08",261
"1980-12-09",254
"1980-12-10",248
"1980-12-11",273
"1980-12-12",254
"1980-12-13",212
"1980-12-14",188
"1980-12-15",273
"1980-12-16",286
"1980-12-17",268
"1980-12-18",285
"1980-12-19",310
"1980-12-20",205
"1980-12-21",190
"1980-12-22",263
"1980-12-23",263
"1980-12-24",232
"1980-12-25",168
"1980-12-26",216
"1980-12-27",207
"1980-12-28",213
"1980-12-29",278
"1980-12-30",286
"1980-12-31",281
"1981-01-01",211
"1981-01-02",254
"1981-01-03",196
"1981-01-04",232
"1981-01-05",282
"1981-01-06",289
"1981-01-07",279
"1981-01-08",242
"1981-01-09",294
"1981-01-10",203
"1981-01-11",208
"1981-01-12",265
"1981-01-13",273
"1981-01-14",247
"1981-01-15",251
"1981-01-16",247
"1981-01-17",234
"1981-01-18",218
"1981-01-19",267
"1981-01-20",280
"1981-01-21",272
"1981-01-22",260
"1981-01-23",273
"1981-01-24",176
"1981-01-25",204
"1981-01-26",247
"1981-01-27",275
"1981-01-28",285
"1981-01-29",279
"1981-01-30",273
"1981-01-31",211
"1981-02-01",183
"1981-02-02",279
"1981-02-03",255
"1981-02-04",276
"1981-02-05",260
"1981-02-06",298
"1981-02-07",212
"1981-02-08",203
"1981-02-09",266
"1981-02-10",290
"1981-02-11",277
"1981-02-12",291
"1981-02-13",253
"1981-02-14",185
"1981-02-15",212
"1981-02-16",258
"1981-02-17",309
"1981-02-18",281
"1981-02-19",276
"1981-02-20",276
"1981-02-21",214
"1981-02-22",234
"1981-02-23",279
"1981-02-24",300
"1981-02-25",299
"1981-02-26",298
"1981-02-27",278
"1981-02-28",224
"1981-03-01",232
"1981-03-02",276
"1981-03-03",301
"1981-03-04",264
"1981-03-05",286
"1981-03-06",318
"1981-03-07",233
"1981-03-08",233
"1981-03-09",285
"1981-03-10",301
"1981-03-11",279
"1981-03-12",312
"1981-03-13",305
"1981-03-14",225
"1981-03-15",186
"1981-03-16",287
"1981-03-17",306
"1981-03-18",336
"1981-03-19",295
"1981-03-20",290
"1981-03-21",223
"1981-03-22",221
"1981-03-23",325
"1981-03-24",298
"1981-03-25",279
"1981-03-26",305
"1981-03-27",324
"1981-03-28",209
"1981-03-29",224
"1981-03-30",298
"1981-03-31",340
"1981-04-01",306
"1981-04-02",298
"1981-04-03",300
"1981-04-04",244
"1981-04-05",224
"1981-04-06",317
"1981-04-07",305
"1981-04-08",292
"1981-04-09",311
"1981-04-10",324
"1981-04-11",210
"1981-04-12",206
"1981-04-13",256
"1981-04-14",302
"1981-04-15",291
"1981-04-16",341
"1981-04-17",290
"1981-04-18",222
"1981-04-19",207
"1981-04-20",265
"1981-04-21",309
"1981-04-22",303
"1981-04-23",330
"1981-04-24",344
"1981-04-25",254
"1981-04-26",230
"1981-04-27",288
"1981-04-28",298
"1981-04-29",308
"1981-04-30",288
"1981-05-01",284
"1981-05-02",210
"1981-05-03",233
"1981-05-04",311
"1981-05-05",311
"1981-05-06",311
"1981-05-07",289
"1981-05-08",322
"1981-05-09",225
"1981-05-10",228
"1981-05-11",273
"1981-05-12",295
"1981-05-13",283
"1981-05-14",314
"1981-05-15",293
"1981-05-16",198
"1981-05-17",203
"1981-05-18",255
"1981-05-19",303
"1981-05-20",298
"1981-05-21",300
"1981-05-22",305
"1981-05-23",250
"1981-05-24",199
"1981-05-25",276
"1981-05-26",276
"1981-05-27",275
"1981-05-28",297
"1981-05-29",287
"1981-05-30",222
"1981-05-31",201
"1981-06-01",272
"1981-06-02",281
"1981-06-03",260
"1981-06-04",299
"1981-06-05",265
"1981-06-06",264
"1981-06-07",212
"1981-06-08",296
"1981-06-09",296
"1981-06-10",284
"1981-06-11",277
"1981-06-12",296
"1981-06-13",235
"1981-06-14",204
"1981-06-15",257
"1981-06-16",309
"1981-06-17",313
"1981-06-18",334
"1981-06-19",299
"1981-06-20",202
"1981-06-21",221
"1981-06-22",271
"1981-06-23",324
"1981-06-24",256
"1981-06-25",284
"1981-06-26",286
"1981-06-27",212
"1981-06-28",209
"1981-06-29",299
"1981-06-30",298
"1981-07-01",269
"1981-07-02",296
"1981-07-03",264
"1981-07-04",215
"1981-07-05",208
"1981-07-06",313
"1981-07-07",308
"1981-07-08",303
"1981-07-09",260
"1981-07-10",287
"1981-07-11",197
"1981-07-12",186
"1981-07-13",256
"1981-07-14",304
"1981-07-15",285
"1981-07-16",322
"1981-07-17",295
"1981-07-18",217
"1981-07-19",209
"1981-07-20",280
"1981-07-21",300
"1981-07-22",302
"1981-07-23",291
"1981-07-24",282
"1981-07-25",185
"1981-07-26",192
"1981-07-27",285
"1981-07-28",302
"1981-07-29",264
"1981-07-30",303
"1981-07-31",252
"1981-08-01",236
"1981-08-02",203
"1981-08-03",279
"1981-08-04",296
"1981-08-05",297
"1981-08-06",292
"1981-08-07",293
"1981-08-08",208
"1981-08-09",192
"1981-08-10",290
"1981-08-11",287
"1981-08-12",295
"1981-08-13",283
"1981-08-14",291
"1981-08-15",233
"1981-08-16",212
"1981-08-17",269
"1981-08-18",306
"1981-08-19",281
"1981-08-20",265
"1981-08-21",314
"1981-08-22",213
"1981-08-23",209
"1981-08-24",272
"1981-08-25",275
"1981-08-26",276
"1981-08-27",271
"1981-08-28",275
"1981-08-29",232
"1981-08-30",203
"1981-08-31",257
"1981-09-01",278
"1981-09-02",290
"1981-09-03",279
"1981-09-04",296
"1981-09-05",232
"1981-09-06",225
"1981-09-07",211
"1981-09-08",303
"1981-09-09",298
"1981-09-10",304
"1981-09-11",256
"1981-09-12",212
"1981-09-13",233
"1981-09-14",277
"1981-09-15",319
"1981-09-16",306
"1981-09-17",300
"1981-09-18",318
"1981-09-19",216
"1981-09-20",218
"1981-09-21",267
"1981-09-22",301
"1981-09-23",300
"1981-09-24",297
"1981-09-25",298
"1981-09-26",239
"1981-09-27",200
"1981-09-28",279
"1981-09-29",267
"1981-09-30",288
"1981-10-01",281
"1981-10-02",296
"1981-10-03",216
"1981-10-04",202
"1981-10-05",266
"1981-10-06",300
"1981-10-07",279
"1981-10-08",303
"1981-10-09",282
"1981-10-10",214
"1981-10-11",171
"1981-10-12",231
"1981-10-13",277
"1981-10-14",280
"1981-10-15",284
"1981-10-16",264
"1981-10-17",193
"1981-10-18",188
"1981-10-19",277
"1981-10-20",278
"1981-10-21",261
"1981-10-22",270
"1981-10-23",265
"1981-10-24",214
"1981-10-25",179
"1981-10-26",248
"1981-10-27",276
"1981-10-28",234
"1981-10-29",280
"1981-10-30",270
"1981-10-31",220
"1981-11-01",197
"1981-11-02",237
"1981-11-03",279
"1981-11-04",266
"1981-11-05",276
"1981-11-06",280
"1981-11-07",241
"1981-11-08",195
"1981-11-09",248
"1981-11-10",251
"1981-11-11",228
"1981-11-12",251
"1981-11-13",243
"1981-11-14",220
"1981-11-15",166
"1981-11-16",249
"1981-11-17",268
"1981-11-18",236
"1981-11-19",262
"1981-11-20",284
"1981-11-21",206
"1981-11-22",185
"1981-11-23",234
"1981-11-24",251
"1981-11-25",266
"1981-11-26",258
"1981-11-27",270
"1981-11-28",203
"1981-11-29",198
"1981-11-30",245
"1981-12-01",255
"1981-12-02",278
"1981-12-03",233
"1981-12-04",269
"1981-12-05",190
"1981-12-06",205
"1981-12-07",220
"1981-12-08",252
"1981-12-09",248
"1981-12-10",271
"1981-12-11",282
"1981-12-12",214
"1981-12-13",204
"1981-12-14",252
"1981-12-15",249
"1981-12-16",275
"1981-12-17",292
"1981-12-18",247
"1981-12-19",194
"1981-12-20",195
"1981-12-21",270
"1981-12-22",266
"1981-12-23",271
"1981-12-24",180
"1981-12-25",155
"1981-12-26",187
"1981-12-27",201
"1981-12-28",251
"1981-12-29",271
"1981-12-30",285
"1981-12-31",230
"1982-01-01",198
"1982-01-02",197
"1982-01-03",215
"1982-01-04",241
"1982-01-05",277
"1982-01-06",280
"1982-01-07",257
"1982-01-08",271
"1982-01-09",222
"1982-01-10",194
"1982-01-11",266
"1982-01-12",254
"1982-01-13",244
"1982-01-14",270
"1982-01-15",253
"1982-01-16",202
"1982-01-17",186
"1982-01-18",264
"1982-01-19",256
"1982-01-20",236
"1982-01-21",293
"1982-01-22",238
"1982-01-23",200
"1982-01-24",204
"1982-01-25",264
"1982-01-26",281
"1982-01-27",257
"1982-01-28",246
"1982-01-29",288
"1982-01-30",191
"1982-01-31",212
"1982-02-01",258
"1982-02-02",276
"1982-02-03",267
"1982-02-04",280
"1982-02-05",291
"1982-02-06",189
"1982-02-07",191
"1982-02-08",267
"1982-02-09",293
"1982-02-10",265
"1982-02-11",278
"1982-02-12",254
"1982-02-13",199
"1982-02-14",211
"1982-02-15",272
"1982-02-16",293
"1982-02-17",251
"1982-02-18",268
"1982-02-19",291
"1982-02-20",218
"1982-02-21",198
"1982-02-22",285
"1982-02-23",331
"1982-02-24",290
"1982-02-25",296
"1982-02-26",284
"1982-02-27",197
"1982-02-28",198
"1982-03-01",274
"1982-03-02",274
"1982-03-03",270
"1982-03-04",253
"1982-03-05",301
"1982-03-06",225
"1982-03-07",194
"1982-03-08",247
"1982-03-09",283
"1982-03-10",277
"1982-03-11",275
"1982-03-12",293
"1982-03-13",219
"1982-03-14",220
"1982-03-15",278
"1982-03-16",266
"1982-03-17",280
"1982-03-18",261
"1982-03-19",282
"1982-03-20",205
"1982-03-21",213
"1982-03-22",279
"1982-03-23",303
"1982-03-24",269
"1982-03-25",272
"1982-03-26",297
"1982-03-27",228
"1982-03-28",204
"1982-03-29",266
"1982-03-30",304
"1982-03-31",286
"1982-04-01",277
"1982-04-02",287
"1982-04-03",243
"1982-04-04",224
"1982-04-05",272
"1982-04-06",316
"1982-04-07",301
"1982-04-08",289
"1982-04-09",267
"1982-04-10",242
"1982-04-11",220
"1982-04-12",207
"1982-04-13",295
"1982-04-14",307
"1982-04-15",307
"1982-04-16",310
"1982-04-17",219
"1982-04-18",203
"1982-04-19",252
"1982-04-20",305
"1982-04-21",301
"1982-04-22",259
"1982-04-23",280
"1982-04-24",207
"1982-04-25",202
"1982-04-26",267
"1982-04-27",300
"1982-04-28",286
"1982-04-29",303
"1982-04-30",276
"1982-05-01",251
"1982-05-02",211
"1982-05-03",296
"1982-05-04",280
"1982-05-05",290
"1982-05-06",289
"1982-05-07",289
"1982-05-08",232
"1982-05-09",197
"1982-05-10",252
"1982-05-11",277
"1982-05-12",292
"1982-05-13",273
"1982-05-14",297
"1982-05-15",219
"1982-05-16",200
"1982-05-17",274
"1982-05-18",284
"1982-05-19",279
"1982-05-20",280
"1982-05-21",308
"1982-05-22",219
"1982-05-23",192
"1982-05-24",249
"1982-05-25",255
"1982-05-26",270
"1982-05-27",303
"1982-05-28",262
"1982-05-29",206
"1982-05-30",221
"1982-05-31",267
"1982-06-01",273
"1982-06-02",252
"1982-06-03",253
"1982-06-04",257
"1982-06-05",209
"1982-06-06",216
"1982-06-07",274
"1982-06-08",311
"1982-06-09",252
"1982-06-10",321
"1982-06-11",300
"1982-06-12",208
"1982-06-13",191
"1982-06-14",257
"1982-06-15",275
"1982-06-16",284
"1982-06-17",275
"1982-06-18",286
"1982-06-19",216
"1982-06-20",193
"1982-06-21",262
"1982-06-22",276
"1982-06-23",260
"1982-06-24",226
"1982-06-25",246
"1982-06-26",195
"1982-06-27",197
"1982-06-28",299
"1982-06-29",280
"1982-06-30",281
"1982-07-01",253
"1982-07-02",202
"1982-07-03",203
"1982-07-04",197
"1982-07-05",250
"1982-07-06",250
"1982-07-07",286
"1982-07-08",301
"1982-07-09",281
"1982-07-10",199
"1982-07-11",196
"1982-07-12",267
"1982-07-13",262
"1982-07-14",286
"1982-07-15",291
"1982-07-16",262
"1982-07-17",233
"1982-07-18",208
"1982-07-19",264
"1982-07-20",289
"1982-07-21",276
"1982-07-22",294
"1982-07-23",267
"1982-07-24",193
"1982-07-25",213
"1982-07-26",257
"1982-07-27",259
"1982-07-28",274
"1982-07-29",279
"1982-07-30",247
"1982-07-31",215
"1982-08-01",148
"1982-08-02",231
"1982-08-03",265
"1982-08-04",235
"1982-08-05",254
"1982-08-06",253
"1982-08-07",173
"1982-08-08",193
"1982-08-09",288
"1982-08-10",287
"1982-08-11",273
"1982-08-12",268
"1982-08-13",279
"1982-08-14",206
"1982-08-15",183
"1982-08-16",259
"1982-08-17",290
"1982-08-18",251
"1982-08-19",290
"1982-08-20",270
"1982-08-21",223
"1982-08-22",184
"1982-08-23",239
"1982-08-24",261
"1982-08-25",258
"1982-08-26",247
"1982-08-27",268
"1982-08-28",200
"1982-08-29",200
"1982-08-30",269
"1982-08-31",279
"1982-09-01",237
"1982-09-02",259
"1982-09-03",262
"1982-09-04",213
"1982-09-05",183
"1982-09-06",215
"1982-09-07",260
"1982-09-08",265
"1982-09-09",271
"1982-09-10",295
"1982-09-11",223
"1982-09-12",196
"1982-09-13",279
"1982-09-14",279
"1982-09-15",245
"1982-09-16",257
"1982-09-17",262
"1982-09-18",220
"1982-09-19",219
"1982-09-20",301
"1982-09-21",272
"1982-09-22",290
"1982-09-23",292
"1982-09-24",295
"1982-09-25",237
"1982-09-26",194
"1982-09-27",273
"1982-09-28",300
"1982-09-29",313
"1982-09-30",291
"1982-10-01",295
"1982-10-02",203
"1982-10-03",198
"1982-10-04",240
"1982-10-05",275
"1982-10-06",261
"1982-10-07",279
"1982-10-08",279
"1982-10-09",210
"1982-10-10",178
"1982-10-11",208
"1982-10-12",280
"1982-10-13",266
"1982-10-14",269
"1982-10-15",234
"1982-10-16",208
"1982-10-17",196
"1982-10-18",271
"1982-10-19",231
"1982-10-20",266
"1982-10-21",278
"1982-10-22",270
"1982-10-23",200
"1982-10-24",181
"1982-10-25",244
"1982-10-26",239
"1982-10-27",257
"1982-10-28",272
"1982-10-29",246
"1982-10-30",184
"1982-10-31",182
"1982-11-01",216
"1982-11-02",244
"1982-11-03",262
"1982-11-04",239
"1982-11-05",265
"1982-11-06",202
"1982-11-07",208
"1982-11-08",244
"1982-11-09",221
"1982-11-10",219
"1982-11-11",272
"1982-11-12",234
"1982-11-13",219
"1982-11-14",157
"1982-11-15",285
"1982-11-16",257
"1982-11-17",261
"1982-11-18",246
"1982-11-19",248
"1982-11-20",183
"1982-11-21",184
"1982-11-22",258
"1982-11-23",258
"1982-11-24",251
"1982-11-25",246
"1982-11-26",267
"1982-11-27",200
"1982-11-28",166
"1982-11-29",231
"1982-11-30",257
"1982-12-01",255
"1982-12-02",248
"1982-12-03",247
"1982-12-04",183
"1982-12-05",192
"1982-12-06",248
"1982-12-07",271
"1982-12-08",236
"1982-12-09",250
"1982-12-10",263
"1982-12-11",176
"1982-12-12",162
"1982-12-13",227
"1982-12-14",225
"1982-12-15",234
"1982-12-16",250
"1982-12-17",265
"1982-12-18",168
"1982-12-19",201
"1982-12-20",258
"1982-12-21",252
"1982-12-22",200
"1982-12-23",209
"1982-12-24",169
"1982-12-25",163
"1982-12-26",153
"1982-12-27",223
"1982-12-28",248
"1982-12-29",228
"1982-12-30",229
"1982-12-31",182
"1983-01-01",172
"1983-01-02",178
"1983-01-03",206
"1983-01-04",253
"1983-01-05",256
"1983-01-06",244
"1983-01-07",241
"1983-01-08",192
"1983-01-09",148
"1983-01-10",237
"1983-01-11",238
"1983-01-12",249
"1983-01-13",267
"1983-01-14",246
"1983-01-15",200
"1983-01-16",176
"1983-01-17",218
"1983-01-18",257
"1983-01-19",236
"1983-01-20",242
"1983-01-21",243
"1983-01-22",191
"1983-01-23",169
"1983-01-24",258
"1983-01-25",241
"1983-01-26",243
"1983-01-27",289
"1983-01-28",240
"1983-01-29",197
"1983-01-30",188
"1983-01-31",232
"1983-02-01",230
"1983-02-02",240
"1983-02-03",237
"1983-02-04",253
"1983-02-05",199
"1983-02-06",145
"1983-02-07",245
"1983-02-08",235
"1983-02-09",267
"1983-02-10",251
"1983-02-11",260
"1983-02-12",208
"1983-02-13",149
"1983-02-14",245
"1983-02-15",268
"1983-02-16",260
"1983-02-17",247
"1983-02-18",251
"1983-02-19",205
"1983-02-20",179
"1983-02-21",203
"1983-02-22",275
"1983-02-23",223
"1983-02-24",235
"1983-02-25",263
"1983-02-26",219
"1983-02-27",152
"1983-02-28",227
"1983-03-01",318
"1983-03-02",268
"1983-03-03",250
"1983-03-04",245
"1983-03-05",205
"1983-03-06",217
"1983-03-07",266
"1983-03-08",267
"1983-03-09",259
"1983-03-10",288
"1983-03-11",284
"1983-03-12",193
"1983-03-13",224
"1983-03-14",288
"1983-03-15",280
"1983-03-16",249
"1983-03-17",254
"1983-03-18",241
"1983-03-19",223
"1983-03-20",206
"1983-03-21",273
"1983-03-22",270
"1983-03-23",267
"1983-03-24",275
"1983-03-25",274
"1983-03-26",237
"1983-03-27",202
"1983-03-28",261
"1983-03-29",306
"1983-03-30",300
"1983-03-31",268
"1983-04-01",250
"1983-04-02",224
"1983-04-03",199
"1983-04-04",221
"1983-04-05",278
"1983-04-06",304
"1983-04-07",283
"1983-04-08",285
"1983-04-09",199
"1983-04-10",215
"1983-04-11",253
"1983-04-12",276
"1983-04-13",240
"1983-04-14",281
"1983-04-15",294
"1983-04-16",197
"1983-04-17",223
"1983-04-18",283
"1983-04-19",237
"1983-04-20",270
"1983-04-21",286
"1983-04-22",243
"1983-04-23",209
"1983-04-24",184
"1983-04-25",264
"1983-04-26",283
"1983-04-27",268
"1983-04-28",297
"1983-04-29",287
"1983-04-30",226
"1983-05-01",197
"1983-05-02",256
"1983-05-03",283
"1983-05-04",281
"1983-05-05",284
"1983-05-06",311
"1983-05-07",208
"1983-05-08",203
"1983-05-09",274
"1983-05-10",271
"1983-05-11",275
"1983-05-12",272
"1983-05-13",271
"1983-05-14",219
"1983-05-15",206
"1983-05-16",288
"1983-05-17",277
"1983-05-18",245
"1983-05-19",254
"1983-05-20",281
"1983-05-21",201
"1983-05-22",190
"1983-05-23",233
"1983-05-24",285
"1983-05-25",298
"1983-05-26",296
"1983-05-27",297
"1983-05-28",246
"1983-05-29",188
"1983-05-30",244
"1983-05-31",259
"1983-06-01",262
"1983-06-02",262
"1983-06-03",258
"1983-06-04",213
"1983-06-05",194
"1983-06-06",278
"1983-06-07",258
"1983-06-08",267
"1983-06-09",293
"1983-06-10",269
"1983-06-11",208
"1983-06-12",199
"1983-06-13",288
"1983-06-14",278
"1983-06-15",286
"1983-06-16",296
"1983-06-17",286
"1983-06-18",194
"1983-06-19",174
"1983-06-20",257
"1983-06-21",305
"1983-06-22",260
"1983-06-23",285
"1983-06-24",229
"1983-06-25",197
"1983-06-26",166
"1983-06-27",264
"1983-06-28",272
"1983-06-29",279
"1983-06-30",287
"1983-07-01",235
"1983-07-02",212
"1983-07-03",185
"1983-07-04",267
"1983-07-05",265
"1983-07-06",252
"1983-07-07",294
"1983-07-08",263
"1983-07-09",194
"1983-07-10",189
"1983-07-11",256
"1983-07-12",256
"1983-07-13",231
"1983-07-14",274
"1983-07-15",272
"1983-07-16",179
"1983-07-17",203
"1983-07-18",237
"1983-07-19",269
"1983-07-20",244
"1983-07-21",262
"1983-07-22",257
"1983-07-23",184
"1983-07-24",182
"1983-07-25",251
"1983-07-26",239
"1983-07-27",265
"1983-07-28",266
"1983-07-29",306
"1983-07-30",184
"1983-07-31",181
"1983-08-01",258
"1983-08-02",261
"1983-08-03",268
"1983-08-04",284
"1983-08-05",258
"1983-08-06",198
"1983-08-07",181
"1983-08-08",242
"1983-08-09",259
"1983-08-10",265
"1983-08-11",240
"1983-08-12",252
"1983-08-13",203
"1983-08-14",173
"1983-08-15",257
"1983-08-16",265
"1983-08-17",254
"1983-08-18",268
"1983-08-19",250
"1983-08-20",189
"1983-08-21",206
"1983-08-22",238
"1983-08-23",269
"1983-08-24",252
"1983-08-25",261
"1983-08-26",264
"1983-08-27",208
"1983-08-28",180
"1983-08-29",240
"1983-08-30",251
"1983-08-31",261
"1983-09-01",234
"1983-09-02",252
"1983-09-03",200
"1983-09-04",219
"1983-09-05",199
"1983-09-06",263
"1983-09-07",286
"1983-09-08",271
"1983-09-09",276
"1983-09-10",239
"1983-09-11",188
"1983-09-12",271
"1983-09-13",262
"1983-09-14",252
"1983-09-15",293
"1983-09-16",269
"1983-09-17",208
"1983-09-18",194
"1983-09-19",264
"1983-09-20",283
"1983-09-21",306
"1983-09-22",281
"1983-09-23",267
"1983-09-24",202
"1983-09-25",176
"1983-09-26",248
"1983-09-27",265
"1983-09-28",262
"1983-09-29",297
"1983-09-30",307
"1983-10-01",187
"1983-10-02",198
"1983-10-03",248
"1983-10-04",291
"1983-10-05",284
"1983-10-06",245
"1983-10-07",273
"1983-10-08",201
"1983-10-09",189
"1983-10-10",188
"1983-10-11",250
"1983-10-12",273
"1983-10-13",269
"1983-10-14",305
"1983-10-15",221
"1983-10-16",189
"1983-10-17",239
"1983-10-18",260
"1983-10-19",230
"1983-10-20",250
"1983-10-21",256
"1983-10-22",204
"1983-10-23",172
"1983-10-24",250
"1983-10-25",277
"1983-10-26",253
"1983-10-27",269
"1983-10-28",236
"1983-10-29",183
"1983-10-30",185
"1983-10-31",228
"1983-11-01",256
"1983-11-02",288
"1983-11-03",251
"1983-11-04",281
"1983-11-05",204
"1983-11-06",191
"1983-11-07",222
"1983-11-08",270
"1983-11-09",256
"1983-11-10",257
"1983-11-11",269
"1983-11-12",203
"1983-11-13",188
"1983-11-14",228
"1983-11-15",269
"1983-11-16",259
"1983-11-17",268
"1983-11-18",229
"1983-11-19",173
"1983-11-20",178
"1983-11-21",262
"1983-11-22",270
"1983-11-23",256
"1983-11-24",254
"1983-11-25",279
"1983-11-26",197
"1983-11-27",193
"1983-11-28",212
"1983-11-29",259
"1983-11-30",278
"1983-12-01",251
"1983-12-02",234
"1983-12-03",171
"1983-12-04",168
"1983-12-05",223
"1983-12-06",252
"1983-12-07",274
"1983-12-08",285
"1983-12-09",244
"1983-12-10",199
"1983-12-11",159
"1983-12-12",261
"1983-12-13",222
"1983-12-14",242
"1983-12-15",276
"1983-12-16",270
"1983-12-17",177
"1983-12-18",157
"1983-12-19",263
"1983-12-20",297
"1983-12-21",255
"1983-12-22",242
"1983-12-23",194
"1983-12-24",187
"1983-12-25",160
"1983-12-26",188
"1983-12-27",247
"1983-12-28",283
"1983-12-29",248
"1983-12-30",205
"1983-12-31",182
"1984-01-01",169
"1984-01-02",196
"1984-01-03",245
"1984-01-04",257
"1984-01-05",235
"1984-01-06",253
"1984-01-07",188
"1984-01-08",194
"1984-01-09",234
"1984-01-10",256
"1984-01-11",242
"1984-01-12",252
"1984-01-13",258
"1984-01-14",185
"1984-01-15",180
"1984-01-16",231
"1984-01-17",249
"1984-01-18",204
"1984-01-19",234
"1984-01-20",248
"1984-01-21",185
"1984-01-22",184
"1984-01-23",248
"1984-01-24",253
"1984-01-25",243
"1984-01-26",243
"1984-01-27",243
"1984-01-28",181
"1984-01-29",186
"1984-01-30",230
"1984-01-31",250
"1984-02-01",216
"1984-02-02",252
"1984-02-03",240
"1984-02-04",160
"1984-02-05",187
"1984-02-06",247
"1984-02-07",275
"1984-02-08",265
"1984-02-09",254
"1984-02-10",267
"1984-02-11",186
"1984-02-12",174
"1984-02-13",247
"1984-02-14",283
"1984-02-15",272
"1984-02-16",297
"1984-02-17",255
"1984-02-18",188
"1984-02-19",178
"1984-02-20",239
"1984-02-21",230
"1984-02-22",276
"1984-02-23",249
"1984-02-24",256
"1984-02-25",193
"1984-02-26",199
"1984-02-27",233
"1984-02-28",255
"1984-02-29",253
"1984-03-01",255
"1984-03-02",252
"1984-03-03",221
"1984-03-04",195
"1984-03-05",264
"1984-03-06",278
"1984-03-07",233
"1984-03-08",251
"1984-03-09",264
"1984-03-10",207
"1984-03-11",193
"1984-03-12",240
"1984-03-13",265
"1984-03-14",248
"1984-03-15",266
"1984-03-16",295
"1984-03-17",204
"1984-03-18",207
"1984-03-19",262
"1984-03-20",252
"1984-03-21",263
"1984-03-22",281
"1984-03-23",266
"1984-03-24",202
"1984-03-25",195
"1984-03-26",262
"1984-03-27",278
"1984-03-28",247
"1984-03-29",283
"1984-03-30",297
"1984-03-31",215
"1984-04-01",187
"1984-04-02",277
"1984-04-03",289
"1984-04-04",261
"1984-04-05",275
"1984-04-06",284
"1984-04-07",201
"1984-04-08",194
"1984-04-09",289
"1984-04-10",272
"1984-04-11",270
"1984-04-12",278
"1984-04-13",256
"1984-04-14",232
"1984-04-15",198
"1984-04-16",284
"1984-04-17",286
"1984-04-18",285
"1984-04-19",316
"1984-04-20",257
"1984-04-21",215
"1984-04-22",187
"1984-04-23",241
"1984-04-24",313
"1984-04-25",293
"1984-04-26",313
"1984-04-27",274
"1984-04-28",222
"1984-04-29",199
"1984-04-30",268
"1984-05-01",303
"1984-05-02",280
"1984-05-03",269
"1984-05-04",290
"1984-05-05",213
"1984-05-06",205
"1984-05-07",270
"1984-05-08",264
"1984-05-09",269
"1984-05-10",307
"1984-05-11",243
"1984-05-12",217
"1984-05-13",191
"1984-05-14",241
"1984-05-15",296
"1984-05-16",259
"1984-05-17",288
"1984-05-18",295
"1984-05-19",189
"1984-05-20",188
"1984-05-21",226
"1984-05-22",283
"1984-05-23",307
"1984-05-24",298
"1984-05-25",278
"1984-05-26",185
"1984-05-27",197
"1984-05-28",250
"1984-05-29",256
"1984-05-30",255
"1984-05-31",284
"1984-06-01",269
"1984-06-02",207
"1984-06-03",191
"1984-06-04",254
"1984-06-05",260
"1984-06-06",263
"1984-06-07",270
"1984-06-08",246
"1984-06-09",210
"1984-06-10",203
"1984-06-11",257
"1984-06-12",253
"1984-06-13",266
"1984-06-14",281
"1984-06-15",242
"1984-06-16",181
"1984-06-17",209
"1984-06-18",264
"1984-06-19",263
"1984-06-20",273
"1984-06-21",280
"1984-06-22",263
"1984-06-23",179
"1984-06-24",182
"1984-06-25",191
"1984-06-26",257
"1984-06-27",280
"1984-06-28",294
"1984-06-29",294
"1984-06-30",193
"1984-07-01",209
"1984-07-02",173
"1984-07-03",281
"1984-07-04",254
"1984-07-05",269
"1984-07-06",298
"1984-07-07",190
"1984-07-08",198
"1984-07-09",241
"1984-07-10",289
"1984-07-11",238
"1984-07-12",290
"1984-07-13",289
"1984-07-14",207
"1984-07-15",172
"1984-07-16",261
"1984-07-17",266
"1984-07-18",282
"1984-07-19",289
"1984-07-20",270
"1984-07-21",197
"1984-07-22",194
"1984-07-23",244
"1984-07-24",264
"1984-07-25",241
"1984-07-26",257
"1984-07-27",281
"1984-07-28",174
"1984-07-29",189
"1984-07-30",235
"1984-07-31",275
"1984-08-01",266
"1984-08-02",276
"1984-08-03",240
"1984-08-04",195
"1984-08-05",187
"1984-08-06",260
"1984-08-07",280
"1984-08-08",266
"1984-08-09",278
"1984-08-10",266
"1984-08-11",196
"1984-08-12",186
"1984-08-13",236
"1984-08-14",260
"1984-08-15",287
"1984-08-16",271
"1984-08-17",273
"1984-08-18",203
"1984-08-19",168
"1984-08-20",266
"1984-08-21",278
"1984-08-22",268
"1984-08-23",245
"1984-08-24",251
"1984-08-25",191
"1984-08-26",197
"1984-08-27",248
"1984-08-28",288
"1984-08-29",280
"1984-08-30",281
"1984-08-31",273
"1984-09-01",198
"1984-09-02",163
"1984-09-03",181
"1984-09-04",253
"1984-09-05",265
"1984-09-06",268
"1984-09-07",288
"1984-09-08",184
"1984-09-09",204
"1984-09-10",269
"1984-09-11",252
"1984-09-12",253
"1984-09-13",306
"1984-09-14",293
"1984-09-15",194
"1984-09-16",196
"1984-09-17",268
"1984-09-18",241
"1984-09-19",304
"1984-09-20",301
"1984-09-21",317
"1984-09-22",200
"1984-09-23",197
"1984-09-24",277
"1984-09-25",287
"1984-09-26",308
"1984-09-27",283
"1984-09-28",314
"1984-09-29",214
"1984-09-30",202
"1984-10-01",258
"1984-10-02",300
"1984-10-03",276
"1984-10-04",270
"1984-10-05",273
"1984-10-06",199
"1984-10-07",194
"1984-10-08",234
"1984-10-09",239
"1984-10-10",302
"1984-10-11",275
"1984-10-12",299
"1984-10-13",188
"1984-10-14",165
"1984-10-15",245
"1984-10-16",287
"1984-10-17",272
"1984-10-18",262
"1984-10-19",297
"1984-10-20",201
"1984-10-21",194
"1984-10-22",226
"1984-10-23",231
"1984-10-24",217
"1984-10-25",282
"1984-10-26",255
"1984-10-27",164
"1984-10-28",166
"1984-10-29",261
"1984-10-30",199
"1984-10-31",222
"1984-11-01",277
"1984-11-02",252
"1984-11-03",182
"1984-11-04",180
"1984-11-05",226
"1984-11-06",229
"1984-11-07",235
"1984-11-08",252
"1984-11-09",257
"1984-11-10",176
"1984-11-11",183
"1984-11-12",255
"1984-11-13",225
"1984-11-14",266
"1984-11-15",263
"1984-11-16",259
"1984-11-17",198
"1984-11-18",185
"1984-11-19",218
"1984-11-20",251
"1984-11-21",218
"1984-11-22",247
"1984-11-23",262
"1984-11-24",163
"1984-11-25",191
"1984-11-26",251
"1984-11-27",222
"1984-11-28",249
"1984-11-29",235
"1984-11-30",240
"1984-12-01",167
"1984-12-02",170
"1984-12-03",218
"1984-12-04",218
"1984-12-05",244
"1984-12-06",263
"1984-12-07",241
"1984-12-08",186
"1984-12-09",161
"1984-12-10",224
"1984-12-11",268
"1984-12-12",224
"1984-12-13",241
"1984-12-14",229
"1984-12-15",180
"1984-12-16",174
"1984-12-17",229
"1984-12-18",257
"1984-12-19",254
"1984-12-20",274
"1984-12-21",227
"1984-12-22",161
"1984-12-23",178
"1984-12-24",159
"1984-12-25",146
"1984-12-26",167
"1984-12-27",251
"1984-12-28",303
"1984-12-29",197
"1984-12-30",167
"1984-12-31",194
"1985-01-01",145
"1985-01-02",186
"1985-01-03",222
"1985-01-04",250
"1985-01-05",208
"1985-01-06",167
"1985-01-07",251
"1985-01-08",235
"1985-01-09",252
"1985-01-10",218
"1985-01-11",258
"1985-01-12",182
"1985-01-13",179
"1985-01-14",249
"1985-01-15",253
"1985-01-16",234
"1985-01-17",243
"1985-01-18",276
"1985-01-19",168
"1985-01-20",154
"1985-01-21",208
"1985-01-22",224
"1985-01-23",226
"1985-01-24",237
"1985-01-25",246
"1985-01-26",213
"1985-01-27",164
"1985-01-28",200
"1985-01-29",243
"1985-01-30",214
"1985-01-31",241
"1985-02-01",217
"1985-02-02",191
"1985-02-03",183
"1985-02-04",237
"1985-02-05",254
"1985-02-06",270
"1985-02-07",266
"1985-02-08",234
"1985-02-09",179
"1985-02-10",193
"1985-02-11",252
"1985-02-12",244
"1985-02-13",240
"1985-02-14",227
"1985-02-15",266
"1985-02-16",193
"1985-02-17",171
"1985-02-18",240
"1985-02-19",274
"1985-02-20",269
"1985-02-21",210
"1985-02-22",250
"1985-02-23",191
"1985-02-24",168
"1985-02-25",253
"1985-02-26",226
"1985-02-27",261
"1985-02-28",270
"1985-03-01",291
"1985-03-02",191
"1985-03-03",176
"1985-03-04",242
"1985-03-05",252
"1985-03-06",276
"1985-03-07",265
"1985-03-08",255
"1985-03-09",210
"1985-03-10",199
"1985-03-11",266
"1985-03-12",268
"1985-03-13",209
"1985-03-14",258
"1985-03-15",301
"1985-03-16",198
"1985-03-17",179
"1985-03-18",267
"1985-03-19",283
"1985-03-20",260
"1985-03-21",277
"1985-03-22",257
"1985-03-23",183
"1985-03-24",207
"1985-03-25",239
"1985-03-26",270
"1985-03-27",282
"1985-03-28",294
"1985-03-29",290
"1985-03-30",185
"1985-03-31",160
"1985-04-01",248
"1985-04-02",293
"1985-04-03",298
"1985-04-04",300
"1985-04-05",243
"1985-04-06",191
"1985-04-07",219
"1985-04-08",219
"1985-04-09",242
"1985-04-10",283
"1985-04-11",264
"1985-04-12",281
"1985-04-13",236
"1985-04-14",191
"1985-04-15",252
"1985-04-16",287
"1985-04-17",259
"1985-04-18",262
"1985-04-19",266
"1985-04-20",196
"1985-04-21",231
"1985-04-22",257
"1985-04-23",305
"1985-04-24",271
"1985-04-25",288
"1985-04-26",287
"1985-04-27",197
"1985-04-28",176
"1985-04-29",282
"1985-04-30",286
"1985-05-01",285
"1985-05-02",267
"1985-05-03",260
"1985-05-04",225
"1985-05-05",183
"1985-05-06",259
"1985-05-07",286
"1985-05-08",273
"1985-05-09",287
"1985-05-10",284
"1985-05-11",188
"1985-05-12",202
"1985-05-13",286
"1985-05-14",285
"1985-05-15",261
"1985-05-16",273
"1985-05-17",253
"1985-05-18",206
"1985-05-19",177
"1985-05-20",215
"1985-05-21",290
"1985-05-22",275
"1985-05-23",303
"1985-05-24",269
"1985-05-25",183
"1985-05-26",202
"1985-05-27",274
"1985-05-28",250
"1985-05-29",244
"1985-05-30",282
"1985-05-31",259
"1985-06-01",211
"1985-06-02",213
"1985-06-03",278
"1985-06-04",243
"1985-06-05",272
"1985-06-06",286
"1985-06-07",298
"1985-06-08",202
"1985-06-09",221
"1985-06-10",273
"1985-06-11",268
"1985-06-12",261
"1985-06-13",279
"1985-06-14",260
"1985-06-15",189
"1985-06-16",177
"1985-06-17",259
"1985-06-18",234
"1985-06-19",261
"1985-06-20",279
"1985-06-21",294
"1985-06-22",211
"1985-06-23",184
"1985-06-24",191
"1985-06-25",263
"1985-06-26",284
"1985-06-27",268
"1985-06-28",297
"1985-06-29",193
"1985-06-30",180
"1985-07-01",184
"1985-07-02",263
"1985-07-03",283
"1985-07-04",273
"1985-07-05",272
"1985-07-06",216
"1985-07-07",167
"1985-07-08",228
"1985-07-09",280
"1985-07-10",248
"1985-07-11",265
"1985-07-12",266
"1985-07-13",186
"1985-07-14",174
"1985-07-15",270
"1985-07-16",279
"1985-07-17",263
"1985-07-18",268
"1985-07-19",265
"1985-07-20",188
"1985-07-21",188
"1985-07-22",269
"1985-07-23",248
"1985-07-24",271
"1985-07-25",235
"1985-07-26",280
"1985-07-27",185
"1985-07-28",173
"1985-07-29",236
"1985-07-30",285
"1985-07-31",247
"1985-08-01",241
"1985-08-02",257
"1985-08-03",189
"1985-08-04",172
"1985-08-05",265
"1985-08-06",263
"1985-08-07",261
"1985-08-08",298
"1985-08-09",252
"1985-08-10",198
"1985-08-11",170
"1985-08-12",259
"1985-08-13",254
"1985-08-14",272
"1985-08-15",261
"1985-08-16",255
"1985-08-17",194
"1985-08-18",193
"1985-08-19",274
"1985-08-20",232
"1985-08-21",252
"1985-08-22",247
"1985-08-23",270
"1985-08-24",191
"1985-08-25",171
"1985-08-26",246
"1985-08-27",271
"1985-08-28",243
"1985-08-29",265
"1985-08-30",257
"1985-08-31",210
"1985-09-01",190
"1985-09-02",175
"1985-09-03",252
"1985-09-04",257
"1985-09-05",256
"1985-09-06",254
"1985-09-07",217
"1985-09-08",173
"1985-09-09",279
"1985-09-10",265
"1985-09-11",292
"1985-09-12",319
"1985-09-13",265
"1985-09-14",209
"1985-09-15",202
"1985-09-16",240
"1985-09-17",296
"1985-09-18",282
"1985-09-19",252
"1985-09-20",286
"1985-09-21",208
"1985-09-22",199
"1985-09-23",259
"1985-09-24",290
"1985-09-25",278
"1985-09-26",267
"1985-09-27",316
"1985-09-28",218
"1985-09-29",165
"1985-09-30",269
"1985-10-01",246
"1985-10-02",245
"1985-10-03",249
"1985-10-04",282
"1985-10-05",182
"1985-10-06",204
"1985-10-07",238
"1985-10-08",233
"1985-10-09",245
"1985-10-10",290
"1985-10-11",270
"1985-10-12",173
"1985-10-13",151
"1985-10-14",208
"1985-10-15",267
"1985-10-16",267
"1985-10-17",246
"1985-10-18",229
"1985-10-19",177
"1985-10-20",191
"1985-10-21",223
"1985-10-22",265
"1985-10-23",265
"1985-10-24",245
"1985-10-25",260
"1985-10-26",177
"1985-10-27",180
"1985-10-28",223
"1985-10-29",246
"1985-10-30",251
"1985-10-31",243
"1985-11-01",210
"1985-11-02",187
"1985-11-03",160
"1985-11-04",239
"1985-11-05",237
"1985-11-06",240
"1985-11-07",252
"1985-11-08",269
"1985-11-09",151
"1985-11-10",163
"1985-11-11",232
"1985-11-12",278
"1985-11-13",241
"1985-11-14",263
"1985-11-15",262
"1985-11-16",162
"1985-11-17",180
"1985-11-18",236
"1985-11-19",247
"1985-11-20",261
"1985-11-21",233
"1985-11-22",256
"1985-11-23",178
"1985-11-24",169
"1985-11-25",224
"1985-11-26",248
"1985-11-27",236
"1985-11-28",235
"1985-11-29",247
"1985-11-30",186
"1985-12-01",162
"1985-12-02",260
"1985-12-03",251
"1985-12-04",235
"1985-12-05",244
"1985-12-06",251
"1985-12-07",170
"1985-12-08",153
"1985-12-09",217
"1985-12-10",258
"1985-12-11",228
"1985-12-12",234
"1985-12-13",238
"1985-12-14",163
"1985-12-15",161
"1985-12-16",276
"1985-12-17",295
"1985-12-18",254
"1985-12-19",275
"1985-12-20",253
"1985-12-21",175
"1985-12-22",148
"1985-12-23",214
"1985-12-24",213
"1985-12-25",154
"1985-12-26",188
"1985-12-27",281
"1985-12-28",223
"1985-12-29",173
"1985-12-30",239
"1985-12-31",243
"1986-01-01",161
"1986-01-02",169
"1986-01-03",210
"1986-01-04",178
"1986-01-05",165
"1986-01-06",215
"1986-01-07",247
"1986-01-08",250
"1986-01-09",234
"1986-01-10",245
"1986-01-11",162
"1986-01-12",143
"1986-01-13",234
"1986-01-14",223
"1986-01-15",217
"1986-01-16",250
"1986-01-17",231
"1986-01-18",193
"1986-01-19",183
"1986-01-20",227
"1986-01-21",227
"1986-01-22",241
"1986-01-23",244
"1986-01-24",218
"1986-01-25",159
"1986-01-26",190
"1986-01-27",249
"1986-01-28",243
"1986-01-29",250
"1986-01-30",244
"1986-01-31",245
"1986-02-01",197
"1986-02-02",170
"1986-02-03",251
"1986-02-04",256
"1986-02-05",253
"1986-02-06",239
"1986-02-07",237
"1986-02-08",184
"1986-02-09",154
"1986-02-10",234
"1986-02-11",254
"1986-02-12",279
"1986-02-13",285
"1986-02-14",279
"1986-02-15",193
"1986-02-16",166
"1986-02-17",246
"1986-02-18",255
"1986-02-19",240
"1986-02-20",232
"1986-02-21",257
"1986-02-22",173
"1986-02-23",171
"1986-02-24",244
"1986-02-25",236
"1986-02-26",227
"1986-02-27",239
"1986-02-28",254
"1986-03-01",180
"1986-03-02",185
"1986-03-03",221
"1986-03-04",248
"1986-03-05",264
"1986-03-06",259
"1986-03-07",306
"1986-03-08",180
"1986-03-09",196
"1986-03-10",236
"1986-03-11",270
"1986-03-12",253
"1986-03-13",259
"1986-03-14",253
"1986-03-15",203
"1986-03-16",183
"1986-03-17",259
"1986-03-18",258
"1986-03-19",281
"1986-03-20",230
"1986-03-21",254
"1986-03-22",206
"1986-03-23",193
"1986-03-24",259
"1986-03-25",259
"1986-03-26",316
"1986-03-27",303
"1986-03-28",227
"1986-03-29",167
"1986-03-30",189
"1986-03-31",219
"1986-04-01",275
"1986-04-02",293
"1986-04-03",262
"1986-04-04",270
"1986-04-05",197
"1986-04-06",174
"1986-04-07",275
"1986-04-08",275
"1986-04-09",274
"1986-04-10",291
"1986-04-11",277
"1986-04-12",207
"1986-04-13",190
"1986-04-14",262
"1986-04-15",284
"1986-04-16",285
"1986-04-17",292
"1986-04-18",245
"1986-04-19",208
"1986-04-20",185
"1986-04-21",263
"1986-04-22",288
"1986-04-23",259
"1986-04-24",298
"1986-04-25",289
"1986-04-26",201
"1986-04-27",177
"1986-04-28",290
"1986-04-29",301
"1986-04-30",264
"1986-05-01",283
"1986-05-02",261
"1986-05-03",176
"1986-05-04",167
"1986-05-05",275
"1986-05-06",296
"1986-05-07",270
"1986-05-08",257
"1986-05-09",269
"1986-05-10",201
"1986-05-11",173
"1986-05-12",236
"1986-05-13",272
"1986-05-14",281
"1986-05-15",309
"1986-05-16",291
"1986-05-17",208
"1986-05-18",202
"1986-05-19",228
"1986-05-20",260
"1986-05-21",302
"1986-05-22",263
"1986-05-23",299
"1986-05-24",169
"1986-05-25",178
"1986-05-26",270
"1986-05-27",286
"1986-05-28",259
"1986-05-29",276
"1986-05-30",278
"1986-05-31",190
"1986-06-01",195
"1986-06-02",253
"1986-06-03",226
"1986-06-04",265
"1986-06-05",265
"1986-06-06",259
"1986-06-07",187
"1986-06-08",192
"1986-06-09",257
"1986-06-10",270
"1986-06-11",257
"1986-06-12",247
"1986-06-13",296
"1986-06-14",175
"1986-06-15",187
"1986-06-16",270
"1986-06-17",247
"1986-06-18",233
"1986-06-19",253
"1986-06-20",218
"1986-06-21",167
"1986-06-22",180
"1986-06-23",261
"1986-06-24",198
"1986-06-25",240
"1986-06-26",256
"1986-06-27",276
"1986-06-28",182
"1986-06-29",200
"1986-06-30",218
"1986-07-01",247
"1986-07-02",271
"1986-07-03",265
"1986-07-04",305
"1986-07-05",187
"1986-07-06",172
"1986-07-07",262
"1986-07-08",254
"1986-07-09",260
"1986-07-10",252
"1986-07-11",247
"1986-07-12",213
"1986-07-13",170
"1986-07-14",243
"1986-07-15",235
"1986-07-16",265
"1986-07-17",278
"1986-07-18",257
"1986-07-19",199
"1986-07-20",191
"1986-07-21",235
"1986-07-22",265
"1986-07-23",243
"1986-07-24",225
"1986-07-25",267
"1986-07-26",184
"1986-07-27",170
"1986-07-28",244
"1986-07-29",257
"1986-07-30",251
"1986-07-31",264
"1986-08-01",251
"1986-08-02",177
"1986-08-03",161
"1986-08-04",213
"1986-08-05",256
"1986-08-06",254
"1986-08-07",246
"1986-08-08",257
"1986-08-09",196
"1986-08-10",183
"1986-08-11",264
"1986-08-12",271
"1986-08-13",240
"1986-08-14",246
"1986-08-15",254
"1986-08-16",197
"1986-08-17",192
"1986-08-18",245
"1986-08-19",258
"1986-08-20",238
"1986-08-21",255
"1986-08-22",251
"1986-08-23",141
"1986-08-24",196
"1986-08-25",242
"1986-08-26",241
"1986-08-27",267
"1986-08-28",263
"1986-08-29",252
"1986-08-30",203
"1986-08-31",188
"1986-09-01",190
"1986-09-02",275
"1986-09-03",256
"1986-09-04",296
"1986-09-05",288
"1986-09-06",185
"1986-09-07",185
"1986-09-08",239
"1986-09-09",239
"1986-09-10",246
"1986-09-11",272
"1986-09-12",281
"1986-09-13",191
"1986-09-14",194
"1986-09-15",265
"1986-09-16",280
"1986-09-17",264
"1986-09-18",272
"1986-09-19",293
"1986-09-20",193
"1986-09-21",187
"1986-09-22",265
"1986-09-23",302
"1986-09-24",303
"1986-09-25",277
"1986-09-26",281
"1986-09-27",193
"1986-09-28",155
"1986-09-29",280
"1986-09-30",282
"1986-10-01",257
"1986-10-02",286
"1986-10-03",234
"1986-10-04",188
"1986-10-05",182
"1986-10-06",220
"1986-10-07",256
"1986-10-08",234
"1986-10-09",253
"1986-10-10",306
"1986-10-11",175
"1986-10-12",180
"1986-10-13",171
"1986-10-14",284
"1986-10-15",256
"1986-10-16",244
"1986-10-17",247
"1986-10-18",150
"1986-10-19",156
"1986-10-20",231
"1986-10-21",225
"1986-10-22",222
"1986-10-23",224
"1986-10-24",235
"1986-10-25",172
"1986-10-26",179
"1986-10-27",224
"1986-10-28",216
"1986-10-29",266
"1986-10-30",247
"1986-10-31",217
"1986-11-01",155
"1986-11-02",159
"1986-11-03",242
"1986-11-04",221
"1986-11-05",252
"1986-11-06",236
"1986-11-07",265
"1986-11-08",154
"1986-11-09",188
"1986-11-10",205
"1986-11-11",224
"1986-11-12",228
"1986-11-13",235
"1986-11-14",252
"1986-11-15",166
"1986-11-16",181
"1986-11-17",255
"1986-11-18",262
"1986-11-19",221
"1986-11-20",243
"1986-11-21",262
"1986-11-22",191
"1986-11-23",203
"1986-11-24",214
"1986-11-25",224
"1986-11-26",214
"1986-11-27",244
"1986-11-28",228
"1986-11-29",164
"1986-11-30",161
"1986-12-01",226
"1986-12-02",204
"1986-12-03",228
"1986-12-04",243
"1986-12-05",256
"1986-12-06",162
"1986-12-07",151
"1986-12-08",235
"1986-12-09",241
"1986-12-10",205
"1986-12-11",257
"1986-12-12",242
"1986-12-13",182
"1986-12-14",153
"1986-12-15",255
"1986-12-16",285
"1986-12-17",226
"1986-12-18",272
"1986-12-19",261
"1986-12-20",151
"1986-12-21",178
"1986-12-22",216
"1986-12-23",254
"1986-12-24",210
"1986-12-25",159
"1986-12-26",197
"1986-12-27",183
"1986-12-28",167
"1986-12-29",246
"1986-12-30",266
"1986-12-31",198
"1987-01-01",165
"1987-01-02",201
"1987-01-03",154
"1987-01-04",175
"1987-01-05",254
"1987-01-06",243
"1987-01-07",199
"1987-01-08",219
"1987-01-09",236
"1987-01-10",169
"1987-01-11",179
"1987-01-12",232
"1987-01-13",242
"1987-01-14",267
"1987-01-15",272
"1987-01-16",227
"1987-01-17",161
"1987-01-18",164
"1987-01-19",241
"1987-01-20",235
"1987-01-21",234
"1987-01-22",205
"1987-01-23",205
"1987-01-24",161
"1987-01-25",157
"1987-01-26",220
"1987-01-27",246
"1987-01-28",208
"1987-01-29",236
"1987-01-30",250
"1987-01-31",200
"1987-02-01",196
"1987-02-02",212
"1987-02-03",248
"1987-02-04",240
"1987-02-05",279
"1987-02-06",266
"1987-02-07",149
"1987-02-08",167
"1987-02-09",222
"1987-02-10",230
"1987-02-11",226
"1987-02-12",228
"1987-02-13",238
"1987-02-14",164
"1987-02-15",181
"1987-02-16",209
"1987-02-17",244
"1987-02-18",229
"1987-02-19",248
"1987-02-20",263
"1987-02-21",185
"1987-02-22",195
"1987-02-23",228
"1987-02-24",250
"1987-02-25",253
"1987-02-26",249
"1987-02-27",263
"1987-02-28",193
"1987-03-01",182
"1987-03-02",256
"1987-03-03",264
"1987-03-04",257
"1987-03-05",251
"1987-03-06",277
"1987-03-07",191
"1987-03-08",180
"1987-03-09",264
"1987-03-10",251
"1987-03-11",259
"1987-03-12",264
"1987-03-13",265
"1987-03-14",172
"1987-03-15",196
"1987-03-16",290
"1987-03-17",268
"1987-03-18",253
"1987-03-19",265
"1987-03-20",285
"1987-03-21",206
"1987-03-22",160
"1987-03-23",259
"1987-03-24",301
"1987-03-25",291
"1987-03-26",254
"1987-03-27",283
"1987-03-28",197
"1987-03-29",205
"1987-03-30",249
"1987-03-31",273
"1987-04-01",243
"1987-04-02",276
"1987-04-03",284
"1987-04-04",186
"1987-04-05",215
"1987-04-06",266
"1987-04-07",273
"1987-04-08",252
"1987-04-09",329
"1987-04-10",286
"1987-04-11",186
"1987-04-12",203
"1987-04-13",248
"1987-04-14",271
"1987-04-15",275
"1987-04-16",312
"1987-04-17",255
"1987-04-18",197
"1987-04-19",199
"1987-04-20",210
"1987-04-21",262
"1987-04-22",268
"1987-04-23",291
"1987-04-24",300
"1987-04-25",191
"1987-04-26",187
"1987-04-27",235
"1987-04-28",269
"1987-04-29",263
"1987-04-30",298
"1987-05-01",273
"1987-05-02",173
"1987-05-03",184
"1987-05-04",263
"1987-05-05",286
"1987-05-06",258
"1987-05-07",247
"1987-05-08",282
"1987-05-09",169
"1987-05-10",204
"1987-05-11",256
"1987-05-12",255
"1987-05-13",252
"1987-05-14",280
"1987-05-15",284
"1987-05-16",174
"1987-05-17",193
"1987-05-18",203
"1987-05-19",284
"1987-05-20",268
"1987-05-21",280
"1987-05-22",285
"1987-05-23",180
"1987-05-24",185
"1987-05-25",274
"1987-05-26",286
"1987-05-27",262
"1987-05-28",250
"1987-05-29",250
"1987-05-30",187
"1987-05-31",203
"1987-06-01",229
"1987-06-02",287
"1987-06-03",261
"1987-06-04",243
"1987-06-05",280
"1987-06-06",170
"1987-06-07",204
"1987-06-08",249
"1987-06-09",252
"1987-06-10",267
"1987-06-11",241
"1987-06-12",260
"1987-06-13",185
"1987-06-14",172
"1987-06-15",259
"1987-06-16",270
"1987-06-17",272
"1987-06-18",284
"1987-06-19",266
"1987-06-20",173
"1987-06-21",178
"1987-06-22",283
"1987-06-23",268
"1987-06-24",229
"1987-06-25",302
"1987-06-26",257
"1987-06-27",184
"1987-06-28",173
"1987-06-29",232
"1987-06-30",270
"1987-07-01",260
"1987-07-02",254
"1987-07-03",245
"1987-07-04",189
"1987-07-05",170
"1987-07-06",265
"1987-07-07",282
"1987-07-08",283
"1987-07-09",239
"1987-07-10",286
"1987-07-11",191
"1987-07-12",193
"1987-07-13",270
"1987-07-14",270
"1987-07-15",257
"1987-07-16",268
"1987-07-17",274
"1987-07-18",156
"1987-07-19",149
"1987-07-20",219
"1987-07-21",254
"1987-07-22",272
"1987-07-23",267
"1987-07-24",239
"1987-07-25",169
"1987-07-26",204
"1987-07-27",219
"1987-07-28",249
"1987-07-29",209
"1987-07-30",234
"1987-07-31",249
"1987-08-01",172
"1987-08-02",173
"1987-08-03",221
"1987-08-04",274
"1987-08-05",249
"1987-08-06",225
"1987-08-07",251
"1987-08-08",185
"1987-08-09",185
"1987-08-10",254
"1987-08-11",248
"1987-08-12",265
"1987-08-13",284
"1987-08-14",275
"1987-08-15",173
"1987-08-16",175
"1987-08-17",254
"1987-08-18",255
"1987-08-19",251
"1987-08-20",257
"1987-08-21",264
"1987-08-22",166
"1987-08-23",168
"1987-08-24",242
"1987-08-25",262
"1987-08-26",244
"1987-08-27",230
"1987-08-28",264
"1987-08-29",193
"1987-08-30",145
"1987-08-31",249
"1987-09-01",261
"1987-09-02",218
"1987-09-03",255
"1987-09-04",240
"1987-09-05",178
"1987-09-06",177
"1987-09-07",189
"1987-09-08",254
"1987-09-09",285
"1987-09-10",272
"1987-09-11",267
"1987-09-12",189
"1987-09-13",170
"1987-09-14",263
"1987-09-15",264
"1987-09-16",266
"1987-09-17",248
"1987-09-18",252
"1987-09-19",170
"1987-09-20",174
"1987-09-21",227
"1987-09-22",261
"1987-09-23",295
"1987-09-24",260
"1987-09-25",242
"1987-09-26",187
"1987-09-27",195
"1987-09-28",268
"1987-09-29",270
"1987-09-30",288
"1987-10-01",232
"1987-10-02",225
"1987-10-03",172
"1987-10-04",179
"1987-10-05",219
"1987-10-06",233
"1987-10-07",208
"1987-10-08",247
"1987-10-09",258
"1987-10-10",180
"1987-10-11",160
"1987-10-12",157
"1987-10-13",235
"1987-10-14",253
"1987-10-15",269
"1987-10-16",222
"1987-10-17",170
"1987-10-18",162
"1987-10-19",251
"1987-10-20",213
"1987-10-21",228
"1987-10-22",251
"1987-10-23",248
"1987-10-24",166
"1987-10-25",177
"1987-10-26",210
"1987-10-27",218
"1987-10-28",227
"1987-10-29",229
"1987-10-30",253
"1987-10-31",173
"1987-11-01",150
"1987-11-02",206
"1987-11-03",255
"1987-11-04",242
"1987-11-05",228
"1987-11-06",284
"1987-11-07",156
"1987-11-08",164
"1987-11-09",235
"1987-11-10",225
"1987-11-11",248
"1987-11-12",241
"1987-11-13",227
"1987-11-14",169
"1987-11-15",164
"1987-11-16",232
"1987-11-17",234
"1987-11-18",226
"1987-11-19",250
"1987-11-20",232
"1987-11-21",182
"1987-11-22",165
"1987-11-23",230
"1987-11-24",230
"1987-11-25",209
"1987-11-26",255
"1987-11-27",239
"1987-11-28",170
"1987-11-29",165
"1987-11-30",244
"1987-12-01",255
"1987-12-02",263
"1987-12-03",232
"1987-12-04",262
"1987-12-05",181
"1987-12-06",166
"1987-12-07",212
"1987-12-08",239
"1987-12-09",233
"1987-12-10",262
"1987-12-11",278
"1987-12-12",198
"1987-12-13",147
"1987-12-14",249
"1987-12-15",232
"1987-12-16",272
"1987-12-17",245
"1987-12-18",244
"1987-12-19",157
"1987-12-20",184
"1987-12-21",234
"1987-12-22",227
"1987-12-23",225
"1987-12-24",149
"1987-12-25",155
"1987-12-26",168
"1987-12-27",172
"1987-12-28",230
"1987-12-29",234
"1987-12-30",247
"1987-12-31",194
"1988-01-01",166
"1988-01-02",136
"1988-01-03",168
"1988-01-04",243
"1988-01-05",235
"1988-01-06",261
"1988-01-07",238
"1988-01-08",245
"1988-01-09",158
"1988-01-10",157
"1988-01-11",210
"1988-01-12",261
"1988-01-13",268
"1988-01-14",248
"1988-01-15",237
"1988-01-16",190
"1988-01-17",169
"1988-01-18",256
"1988-01-19",232
"1988-01-20",246
"1988-01-21",239
"1988-01-22",258
"1988-01-23",138
"1988-01-24",159
"1988-01-25",228
"1988-01-26",218
"1988-01-27",210
"1988-01-28",213
"1988-01-29",246
"1988-01-30",141
"1988-01-31",187
"1988-02-01",231
"1988-02-02",237
"1988-02-03",258
"1988-02-04",252
"1988-02-05",231
"1988-02-06",181
"1988-02-07",178
"1988-02-08",264
"1988-02-09",251
"1988-02-10",240
"1988-02-11",245
"1988-02-12",232
"1988-02-13",175
"1988-02-14",172
"1988-02-15",223
"1988-02-16",232
"1988-02-17",256
"1988-02-18",241
"1988-02-19",249
"1988-02-20",206
"1988-02-21",178
"1988-02-22",253
"1988-02-23",260
"1988-02-24",246
"1988-02-25",252
"1988-02-26",259
"1988-02-27",149
"1988-02-28",183
"1988-02-29",259
"1988-03-01",228
"1988-03-02",230
"1988-03-03",290
"1988-03-04",273
"1988-03-05",187
"1988-03-06",196
"1988-03-07",221
"1988-03-08",257
"1988-03-09",276
"1988-03-10",239
"1988-03-11",264
"1988-03-12",181
"1988-03-13",165
"1988-03-14",240
"1988-03-15",281
"1988-03-16",243
"1988-03-17",299
"1988-03-18",266
"1988-03-19",195
"1988-03-20",212
"1988-03-21",229
"1988-03-22",279
"1988-03-23",266
"1988-03-24",272
"1988-03-25",291
"1988-03-26",190
"1988-03-27",192
"1988-03-28",270
"1988-03-29",252
"1988-03-30",257
"1988-03-31",301
"1988-04-01",230
"1988-04-02",200
"1988-04-03",181
"1988-04-04",215
"1988-04-05",279
"1988-04-06",264
"1988-04-07",281
"1988-04-08",262
"1988-04-09",189
"1988-04-10",217
"1988-04-11",258
"1988-04-12",265
"1988-04-13",258
"1988-04-14",268
"1988-04-15",290
"1988-04-16",220
"1988-04-17",167
"1988-04-18",281
"1988-04-19",263
"1988-04-20",285
"1988-04-21",268
"1988-04-22",256
"1988-04-23",188
"1988-04-24",195
"1988-04-25",291
"1988-04-26",276
"1988-04-27",266
"1988-04-28",276
"1988-04-29",266
"1988-04-30",176
"1988-05-01",185
"1988-05-02",260
"1988-05-03",277
"1988-05-04",268
"1988-05-05",280
"1988-05-06",293
"1988-05-07",191
"1988-05-08",187
"1988-05-09",267
"1988-05-10",284
"1988-05-11",267
"1988-05-12",275
"1988-05-13",263
"1988-05-14",210
"1988-05-15",191
"1988-05-16",281
"1988-05-17",285
"1988-05-18",233
"1988-05-19",218
"1988-05-20",294
"1988-05-21",177
"1988-05-22",192
"1988-05-23",235
"1988-05-24",249
"1988-05-25",314
"1988-05-26",289
"1988-05-27",305
"1988-05-28",206
"1988-05-29",196
"1988-05-30",257
"1988-05-31",261
"1988-06-01",249
"1988-06-02",283
"1988-06-03",246
"1988-06-04",205
"1988-06-05",208
"1988-06-06",258
"1988-06-07",263
"1988-06-08",261
"1988-06-09",274
"1988-06-10",291
"1988-06-11",184
"1988-06-12",188
"1988-06-13",267
"1988-06-14",282
"1988-06-15",276
"1988-06-16",285
"1988-06-17",299
"1988-06-18",178
"1988-06-19",194
"1988-06-20",295
"1988-06-21",270
"1988-06-22",295
"1988-06-23",263
"1988-06-24",230
"1988-06-25",189
"1988-06-26",197
"1988-06-27",258
"1988-06-28",282
"1988-06-29",239
"1988-06-30",291
"1988-07-01",221
"1988-07-02",172
"1988-07-03",207
"1988-07-04",277
"1988-07-05",243
"1988-07-06",299
"1988-07-07",308
"1988-07-08",278
"1988-07-09",218
"1988-07-10",206
"1988-07-11",287
"1988-07-12",294
"1988-07-13",236
"1988-07-14",294
"1988-07-15",281
"1988-07-16",156
"1988-07-17",171
"1988-07-18",259
"1988-07-19",275
"1988-07-20",237
"1988-07-21",261
"1988-07-22",291
"1988-07-23",193
"1988-07-24",158
"1988-07-25",258
"1988-07-26",241
"1988-07-27",239
"1988-07-28",269
"1988-07-29",278
"1988-07-30",183
"1988-07-31",185
"1988-08-01",226
"1988-08-02",260
"1988-08-03",256
"1988-08-04",255
"1988-08-05",261
"1988-08-06",190
"1988-08-07",197
"1988-08-08",274
"1988-08-09",236
"1988-08-10",251
"1988-08-11",265
"1988-08-12",271
"1988-08-13",190
"1988-08-14",190
"1988-08-15",246
"1988-08-16",267
"1988-08-17",269
"1988-08-18",288
"1988-08-19",260
"1988-08-20",198
"1988-08-21",198
"1988-08-22",221
"1988-08-23",288
"1988-08-24",275
"1988-08-25",234
"1988-08-26",271
"1988-08-27",202
"1988-08-28",192
"1988-08-29",246
"1988-08-30",239
"1988-08-31",224
"1988-09-01",242
"1988-09-02",267
"1988-09-03",228
"1988-09-04",184
"1988-09-05",196
"1988-09-06",244
"1988-09-07",247
"1988-09-08",280
"1988-09-09",276
"1988-09-10",194
"1988-09-11",192
"1988-09-12",233
"1988-09-13",281
"1988-09-14",275
"1988-09-15",268
"1988-09-16",282
"1988-09-17",208
"1988-09-18",210
"1988-09-19",292
"1988-09-20",283
"1988-09-21",278
"1988-09-22",263
"1988-09-23",261
"1988-09-24",199
"1988-09-25",203
"1988-09-26",275
"1988-09-27",255
"1988-09-28",263
"1988-09-29",280
"1988-09-30",289
"1988-10-01",193
"1988-10-02",206
"1988-10-03",235
"1988-10-04",256
"1988-10-05",264
"1988-10-06",265
"1988-10-07",289
"1988-10-08",214
"1988-10-09",183
"1988-10-10",228
"1988-10-11",247
"1988-10-12",300
"1988-10-13",273
"1988-10-14",249
"1988-10-15",209
"1988-10-16",171
"1988-10-17",269
"1988-10-18",251
"1988-10-19",236
"1988-10-20",264
"1988-10-21",238
"1988-10-22",205
"1988-10-23",206
"1988-10-24",236
"1988-10-25",241
"1988-10-26",231
"1988-10-27",257
"1988-10-28",249
"1988-10-29",170
"1988-10-30",188
"1988-10-31",229
"1988-11-01",238
"1988-11-02",253
"1988-11-03",261
"1988-11-04",240
"1988-11-05",193
"1988-11-06",208
"1988-11-07",267
"1988-11-08",245
"1988-11-09",246
"1988-11-10",258
"1988-11-11",275
"1988-11-12",198
"1988-11-13",184
"1988-11-14",241
"1988-11-15",258
"1988-11-16",242
"1988-11-17",247
"1988-11-18",251
"1988-11-19",170
"1988-11-20",178
"1988-11-21",214
"1988-11-22",228
"1988-11-23",230
"1988-11-24",236
"1988-11-25",235
"1988-11-26",173
"1988-11-27",164
"1988-11-28",255
"1988-11-29",234
"1988-11-30",232
"1988-12-01",259
"1988-12-02",264
"1988-12-03",177
"1988-12-04",171
"1988-12-05",232
"1988-12-06",249
"1988-12-07",253
"1988-12-08",245
"1988-12-09",220
"1988-12-10",165
"1988-12-11",204
"1988-12-12",232
"1988-12-13",247
"1988-12-14",263
"1988-12-15",273
"1988-12-16",277
"1988-12-17",189
"1988-12-18",139
"1988-12-19",250
"1988-12-20",284
"1988-12-21",255
"1988-12-22",256
"1988-12-23",184
"1988-12-24",173
"1988-12-25",148
"1988-12-26",166
"1988-12-27",228
"1988-12-28",272
"1988-12-29",255
"1988-12-30",227
"1988-12-31",169
"1989-01-01",180
"1989-01-02",210
"1989-01-03",233
"1989-01-04",246
"1989-01-05",269
"1989-01-06",258
"1989-01-07",189
"1989-01-08",188
"1989-01-09",242
"1989-01-10",245
"1989-01-11",280
"1989-01-12",264
"1989-01-13",261
"1989-01-14",182
"1989-01-15",180
"1989-01-16",227
"1989-01-17",244
"1989-01-18",251
"1989-01-19",285
"1989-01-20",245
"1989-01-21",200
"1989-01-22",191
"1989-01-23",266
"1989-01-24",236
"1989-01-25",230
"1989-01-26",269
"1989-01-27",260
"1989-01-28",173
"1989-01-29",150
"1989-01-30",276
"1989-01-31",247
"1989-02-01",231
"1989-02-02",234
"1989-02-03",234
"1989-02-04",180
"1989-02-05",188
"1989-02-06",260
"1989-02-07",242
"1989-02-08",250
"1989-02-09",283
"1989-02-10",283
"1989-02-11",174
"1989-02-12",178
"1989-02-13",237
"1989-02-14",305
"1989-02-15",256
"1989-02-16",270
"1989-02-17",253
"1989-02-18",188
"1989-02-19",183
"1989-02-20",263
"1989-02-21",261
"1989-02-22",278
"1989-02-23",286
"1989-02-24",253
"1989-02-25",193
"1989-02-26",205
"1989-02-27",243
"1989-02-28",236
"1989-03-01",276
"1989-03-02",261
"1989-03-03",285
"1989-03-04",214
"1989-03-05",194
"1989-03-06",269
"1989-03-07",268
"1989-03-08",257
"1989-03-09",289
"1989-03-10",287
"1989-03-11",212
"1989-03-12",186
"1989-03-13",260
"1989-03-14",289
"1989-03-15",298
"1989-03-16",300
"1989-03-17",276
"1989-03-18",186
"1989-03-19",209
"1989-03-20",291
"1989-03-21",272
"1989-03-22",284
"1989-03-23",286
"1989-03-24",238
"1989-03-25",219
"1989-03-26",193
"1989-03-27",228
"1989-03-28",280
"1989-03-29",293
"1989-03-30",323
"1989-03-31",297
"1989-04-01",215
"1989-04-02",216
"1989-04-03",290
"1989-04-04",297
"1989-04-05",281
"1989-04-06",299
"1989-04-07",298
"1989-04-08",201
"1989-04-09",221
"1989-04-10",288
"1989-04-11",288
"1989-04-12",291
"1989-04-13",274
"1989-04-14",299
"1989-04-15",216
"1989-04-16",231
"1989-04-17",295
"1989-04-18",290
"1989-04-19",275
"1989-04-20",294
"1989-04-21",316
"1989-04-22",237
"1989-04-23",221
"1989-04-24",268
"1989-04-25",320
"1989-04-26",280
"1989-04-27",278
"1989-04-28",308
"1989-04-29",198
"1989-04-30",175
"1989-05-01",271
"1989-05-02",301
"1989-05-03",285
"1989-05-04",296
"1989-05-05",266
"1989-05-06",199
"1989-05-07",231
"1989-05-08",279
"1989-05-09",288
"1989-05-10",275
"1989-05-11",283
"1989-05-12",247
"1989-05-13",216
"1989-05-14",215
"1989-05-15",242
"1989-05-16",300
"1989-05-17",270
"1989-05-18",295
"1989-05-19",277
"1989-05-20",216
"1989-05-21",209
"1989-05-22",212
"1989-05-23",281
"1989-05-24",283
"1989-05-25",297
"1989-05-26",272
"1989-05-27",202
"1989-05-28",170
"1989-05-29",288
"1989-05-30",292
"1989-05-31",279
"1989-06-01",297
"1989-06-02",264
"1989-06-03",200
"1989-06-04",232
"1989-06-05",271
"1989-06-06",298
"1989-06-07",295
"1989-06-08",290
"1989-06-09",308
"1989-06-10",229
"1989-06-11",196
"1989-06-12",265
"1989-06-13",298
"1989-06-14",274
"1989-06-15",310
"1989-06-16",313
"1989-06-17",198
"1989-06-18",217
"1989-06-19",304
"1989-06-20",316
"1989-06-21",323
"1989-06-22",327
"1989-06-23",229
"1989-06-24",208
"1989-06-25",208
"1989-06-26",281
"1989-06-27",293
"1989-06-28",323
"1989-06-29",323
"1989-06-30",282
"1989-07-01",212
"1989-07-02",212
"1989-07-03",244
"1989-07-04",279
"1989-07-05",309
"1989-07-06",327
"1989-07-07",308
"1989-07-08",234
"1989-07-09",208
"1989-07-10",295
"1989-07-11",285
"1989-07-12",282
"1989-07-13",300
"1989-07-14",298
"1989-07-15",206
"1989-07-16",225
"1989-07-17",269
"1989-07-18",308
"1989-07-19",290
"1989-07-20",275
"1989-07-21",243
"1989-07-22",236
"1989-07-23",187
"1989-07-24",274
"1989-07-25",275
"1989-07-26",279
"1989-07-27",301
"1989-07-28",285
"1989-07-29",198
"1989-07-30",197
"1989-07-31",255
"1989-08-01",268
"1989-08-02",300
"1989-08-03",302
"1989-08-04",286
"1989-08-05",217
"1989-08-06",199
"1989-08-07",254
"1989-08-08",288
"1989-08-09",294
"1989-08-10",307
"1989-08-11",297
"1989-08-12",204
"1989-08-13",195
"1989-08-14",250
"1989-08-15",293
"1989-08-16",273
"1989-08-17",297
"1989-08-18",293
"1989-08-19",196
"1989-08-20",214
"1989-08-21",273
"1989-08-22",286
"1989-08-23",266
"1989-08-24",248
"1989-08-25",273
"1989-08-26",175
"1989-08-27",208
"1989-08-28",265
"1989-08-29",299
"1989-08-30",281
"1989-08-31",289
"1989-09-01",271
"1989-09-02",206
"1989-09-03",182
"1989-09-04",201
"1989-09-05",223
"1989-09-06",276
"1989-09-07",301
"1989-09-08",283
"1989-09-09",228
"1989-09-10",227
"1989-09-11",285
"1989-09-12",306
"1989-09-13",262
"1989-09-14",284
"1989-09-15",275
"1989-09-16",246
"1989-09-17",204
"1989-09-18",310
"1989-09-19",314
"1989-09-20",306
"1989-09-21",289
"1989-09-22",306
"1989-09-23",213
"1989-09-24",230
"1989-09-25",279
"1989-09-26",295
"1989-09-27",302
"1989-09-28",306
"1989-09-29",280
"1989-09-30",218
"1989-10-01",202
"1989-10-02",253
"1989-10-03",278
"1989-10-04",245
"1989-10-05",278
"1989-10-06",293
"1989-10-07",216
"1989-10-08",204
"1989-10-09",224
"1989-10-10",266
"1989-10-11",296
"1989-10-12",301
"1989-10-13",272
"1989-10-14",221
"1989-10-15",208
"1989-10-16",250
"1989-10-17",280
"1989-10-18",253
"1989-10-19",258
"1989-10-20",260
"1989-10-21",180
"1989-10-22",171
"1989-10-23",221
"1989-10-24",226
"1989-10-25",272
"1989-10-26",293
"1989-10-27",243
"1989-10-28",185
"1989-10-29",195
"1989-10-30",215
"1989-10-31",220
"1989-11-01",280
"1989-11-02",255
"1989-11-03",259
"1989-11-04",193
"1989-11-05",205
"1989-11-06",242
"1989-11-07",280
"1989-11-08",262
"1989-11-09",272
"1989-11-10",265
"1989-11-11",201
"1989-11-12",184
"1989-11-13",232
"1989-11-14",241
"1989-11-15",274
"1989-11-16",252
"1989-11-17",275
"1989-11-18",182
"1989-11-19",199
"1989-11-20",259
"1989-11-21",287
"1989-11-22",266
"1989-11-23",281
"1989-11-24",265
"1989-11-25",209
"1989-11-26",187
"1989-11-27",250
"1989-11-28",269
"1989-11-29",292
"1989-11-30",246
"1989-12-01",259
"1989-12-02",187
"1989-12-03",196
"1989-12-04",267
"1989-12-05",258
"1989-12-06",249
"1989-12-07",277
"1989-12-08",265
"1989-12-09",200
"1989-12-10",180
"1989-12-11",220
"1989-12-12",267
"1989-12-13",255
"1989-12-14",292
"1989-12-15",278
"1989-12-16",178
"1989-12-17",184
"1989-12-18",270
"1989-12-19",308
"1989-12-20",276
"1989-12-21",288
"1989-12-22",258
"1989-12-23",167
"1989-12-24",178
"1989-12-25",180
"1989-12-26",174
"1989-12-27",269
"1989-12-28",332
"1989-12-29",309
"1989-12-30",213
"1989-12-31",189
"1990-01-01",211
"1990-01-02",183
"1990-01-03",251
"1990-01-04",298
"1990-01-05",281
"1990-01-06",210
"1990-01-07",213
"1990-01-08",258
"1990-01-09",247
"1990-01-10",288
"1990-01-11",272
"1990-01-12",248
"1990-01-13",202
"1990-01-14",179
"1990-01-15",234
"1990-01-16",254
"1990-01-17",269
"1990-01-18",261
"1990-01-19",248
"1990-01-20",207
"1990-01-21",190
"1990-01-22",282
"1990-01-23",270
"1990-01-24",280
"1990-01-25",267
"1990-01-26",263
"1990-01-27",200
"1990-01-28",170
"1990-01-29",255
"1990-01-30",293
"1990-01-31",259
"1990-02-01",254
"1990-02-02",324
"1990-02-03",225
"1990-02-04",184
"1990-02-05",264
"1990-02-06",253
"1990-02-07",244
"1990-02-08",321
"1990-02-09",283
"1990-02-10",244
"1990-02-11",207
"1990-02-12",275
"1990-02-13",276
"1990-02-14",298
"1990-02-15",305
"1990-02-16",261
"1990-02-17",210
"1990-02-18",207
"1990-02-19",262
"1990-02-20",294
"1990-02-21",294
"1990-02-22",301
"1990-02-23",291
"1990-02-24",203
"1990-02-25",222
"1990-02-26",255
"1990-02-27",262
"1990-02-28",271
"1990-03-01",296
"1990-03-02",291
"1990-03-03",213
"1990-03-04",207
"1990-03-05",246
"1990-03-06",291
"1990-03-07",285
"1990-03-08",292
"1990-03-09",301
"1990-03-10",206
"1990-03-11",222
"1990-03-12",288
"1990-03-13",297
"1990-03-14",303
"1990-03-15",295
"1990-03-16",304
"1990-03-17",205
"1990-03-18",237
"1990-03-19",292
"1990-03-20",282
"1990-03-21",317
"1990-03-22",336
"1990-03-23",321
"1990-03-24",218
"1990-03-25",229
"1990-03-26",306
"1990-03-27",318
"1990-03-28",317
"1990-03-29",304
"1990-03-30",315
"1990-03-31",237
"1990-04-01",197
"1990-04-02",321
"1990-04-03",292
"1990-04-04",321
"1990-04-05",344
"1990-04-06",344
"1990-04-07",214
"1990-04-08",201
"1990-04-09",285
"1990-04-10",288
"1990-04-11",330
"1990-04-12",355
"1990-04-13",280
"1990-04-14",196
"1990-04-15",212
"1990-04-16",270
"1990-04-17",315
"1990-04-18",344
"1990-04-19",353
"1990-04-20",341
"1990-04-21",240
"1990-04-22",219
"1990-04-23",310
"1990-04-24",300
"1990-04-25",307
"1990-04-26",342
"1990-04-27",327
"1990-04-28",259
"1990-04-29",218
"1990-04-30",290
"1990-05-01",325
"1990-05-02",346
"1990-05-03",301
"1990-05-04",322
"1990-05-05",245
"1990-05-06",230
"1990-05-07",295
"1990-05-08",330
"1990-05-09",312
"1990-05-10",328
"1990-05-11",305
"1990-05-12",230
"1990-05-13",211
"1990-05-14",285
"1990-05-15",313
"1990-05-16",319
"1990-05-17",298
"1990-05-18",290
"1990-05-19",223
"1990-05-20",225
"1990-05-21",240
"1990-05-22",278
"1990-05-23",339
"1990-05-24",330
"1990-05-25",324
"1990-05-26",234
"1990-05-27",208
"1990-05-28",296
"1990-05-29",318
"1990-05-30",317
"1990-05-31",330
"1990-06-01",305
"1990-06-02",253
"1990-06-03",225
"1990-06-04",271
"1990-06-05",286
"1990-06-06",319
"1990-06-07",287
"1990-06-08",295
"1990-06-09",247
"1990-06-10",228
"1990-06-11",267
"1990-06-12",330
"1990-06-13",304
"1990-06-14",339
"1990-06-15",280
"1990-06-16",253
"1990-06-17",227
"1990-06-18",305
"1990-06-19",305
"1990-06-20",321
"1990-06-21",312
"1990-06-22",305
"1990-06-23",211
"1990-06-24",215
"1990-06-25",215
"1990-06-26",287
"1990-06-27",311
"1990-06-28",318
"1990-06-29",310
"1990-06-30",216
"1990-07-01",239
"1990-07-02",223
"1990-07-03",290
"1990-07-04",295
"1990-07-05",337
"1990-07-06",278
"1990-07-07",201
"1990-07-08",200
"1990-07-09",279
"1990-07-10",334
"1990-07-11",301
"1990-07-12",311
"1990-07-13",302
"1990-07-14",231
"1990-07-15",237
"1990-07-16",252
"1990-07-17",306
"1990-07-18",305
"1990-07-19",298
"1990-07-20",283
"1990-07-21",220
"1990-07-22",226
"1990-07-23",286
"1990-07-24",295
"1990-07-25",307
"1990-07-26",290
"1990-07-27",263
"1990-07-28",210
"1990-07-29",236
"1990-07-30",299
"1990-07-31",306
"1990-08-01",305
"1990-08-02",286
"1990-08-03",319
"1990-08-04",232
"1990-08-05",216
"1990-08-06",245
"1990-08-07",305
"1990-08-08",289
"1990-08-09",314
"1990-08-10",297
"1990-08-11",212
"1990-08-12",218
"1990-08-13",264
"1990-08-14",288
"1990-08-15",312
"1990-08-16",303
"1990-08-17",276
"1990-08-18",239
"1990-08-19",213
"1990-08-20",270
"1990-08-21",316
"1990-08-22",296
"1990-08-23",298
"1990-08-24",286
"1990-08-25",264
"1990-08-26",218
"1990-08-27",268
"1990-08-28",282
"1990-08-29",318
"1990-08-30",280
"1990-08-31",302
"1990-09-01",224
"1990-09-02",175
"1990-09-03",218
"1990-09-04",284
"1990-09-05",303
"1990-09-06",293
"1990-09-07",350
"1990-09-08",226
"1990-09-09",217
"1990-09-10",319
"1990-09-11",294
"1990-09-12",309
"1990-09-13",315
"1990-09-14",309
"1990-09-15",241
"1990-09-16",274
"1990-09-17",275
"1990-09-18",354
"1990-09-19",278
"1990-09-20",329
"1990-09-21",305
"1990-09-22",256
"1990-09-23",217
"1990-09-24",341
"1990-09-25",296
"1990-09-26",344
"1990-09-27",331
"1990-09-28",317
"1990-09-29",229
"1990-09-30",257
"1990-10-01",285
"1990-10-02",279
"1990-10-03",301
"1990-10-04",290
"1990-10-05",318
"1990-10-06",203
"1990-10-07",200
"1990-10-08",229
"1990-10-09",292
"1990-10-10",309
"1990-10-11",282
"1990-10-12",303
"1990-10-13",224
"1990-10-14",215
"1990-10-15",268
"1990-10-16",266
"1990-10-17",283
"1990-10-18",252
"1990-10-19",289
"1990-10-20",201
"1990-10-21",220
"1990-10-22",265
"1990-10-23",288
"1990-10-24",284
"1990-10-25",299
"1990-10-26",289
"1990-10-27",206
"1990-10-28",205
"1990-10-29",255
"1990-10-30",282
"1990-10-31",274
"1990-11-01",296
"1990-11-02",293
"1990-11-03",209
"1990-11-04",197
"1990-11-05",262
"1990-11-06",308
"1990-11-07",260
"1990-11-08",290
"1990-11-09",253
"1990-11-10",206
"1990-11-11",194
"1990-11-12",262
"1990-11-13",293
"1990-11-14",256
"1990-11-15",247
"1990-11-16",265
"1990-11-17",192
"1990-11-18",217
"1990-11-19",255
"1990-11-20",268
"1990-11-21",266
"1990-11-22",265
"1990-11-23",242
"1990-11-24",187
"1990-11-25",186
"1990-11-26",248
"1990-11-27",259
"1990-11-28",264
"1990-11-29",255
"1990-11-30",260
"1990-12-01",214
"1990-12-02",177
"1990-12-03",284
"1990-12-04",261
"1990-12-05",309
"1990-12-06",295
"1990-12-07",273
"1990-12-08",181
"1990-12-09",221
"1990-12-10",249
"1990-12-11",256
"1990-12-12",279
"1990-12-13",284
"1990-12-14",282
"1990-12-15",193
"1990-12-16",182
"1990-12-17",258
"1990-12-18",309
"1990-12-19",311
"1990-12-20",285
"1990-12-21",264
"1990-12-22",207
"1990-12-23",174
"1990-12-24",181
"1990-12-25",188
"1990-12-26",221
"1990-12-27",316
"1990-12-28",335
"1990-12-29",237
"1990-12-30",229
"1990-12-31",218

Number of daily births in Quebec, Jan. 01, 1977 to Dec. 31, 1990

