1981.002740,20.7
1981.005479,17.9
1981.008219,18.8
1981.010959,14.6
1981.013699,15.8
1981.016438,15.8
1981.019178,15.8
1981.021918,17.4
1981.024658,21.8
1981.027397,20
1981.030137,16.2
1981.032877,13.3
1981.035616,16.7
1981.038356,21.5
1981.041096,25
1981.043836,20.7
1981.046575,20.6
1981.049315,24.8
1981.052055,17.7
1981.054795,15.5
1981.057534,18.2
1981.060274,12.1
1981.063014,14.4
1981.065753,16
1981.068493,16.5
1981.071233,18.7
1981.073973,19.4
1981.076712,17.2
1981.079452,15.5
1981.082192,15.1
1981.084932,15.4
1981.087671,15.3
1981.090411,18.8
1981.093151,21.9
1981.095890,19.9
1981.098630,16.6
1981.101370,16.8
1981.104110,14.6
1981.106849,17.1
1981.109589,25
1981.112329,15
1981.115068,13.7
1981.117808,13.9
1981.120548,18.3
1981.123288,22
1981.126027,22.1
1981.128767,21.2
1981.131507,18.4
1981.134247,16.6
1981.136986,16.1
1981.139726,15.7
1981.142466,16.6
1981.145205,16.5
1981.147945,14.4
1981.150685,14.4
1981.153425,18.5
1981.156164,16.9
1981.158904,17.5
1981.161644,21.2
1981.164384,17.8
1981.167123,18.6
1981.169863,17
1981.172603,16
1981.175342,13.3
1981.178082,14.3
1981.180822,11.4
1981.183562,16.3
1981.186301,16.1
1981.189041,11.8
1981.191781,12.2
1981.194521,14.7
1981.197260,11.8
1981.200000,11.3
1981.202740,10.6
1981.205479,11.7
1981.208219,14.2
1981.210959,11.2
1981.213699,16.9
1981.216438,16.7
1981.219178,8.1
1981.221918,8
1981.224658,8.8
1981.227397,13.4
1981.230137,10.9
1981.232877,13.4
1981.235616,11
1981.238356,15
1981.241096,15.7
1981.243836,14.5
1981.246575,15.8
1981.249315,16.7
1981.252055,16.8
1981.254795,17.5
1981.257534,17.1
1981.260274,18.1
1981.263014,16.6
1981.265753,10
1981.268493,14.9
1981.271233,15.9
1981.273973,13
1981.276712,7.6
1981.279452,11.5
1981.282192,13.5
1981.284932,13
1981.287671,13.3
1981.290411,12.1
1981.293151,12.4
1981.295890,13.2
1981.298630,13.8
1981.301370,10.6
1981.304110,9
1981.306849,10
1981.309589,9.8
1981.312329,11.5
1981.315068,8.9
1981.317808,7.4
1981.320548,9.9
1981.323288,9.3
1981.326027,9.9
1981.328767,7.4
1981.331507,8.6
1981.334247,11.9
1981.336986,14
1981.339726,8.6
1981.342466,10
1981.345205,13.5
1981.347945,12
1981.350685,10.5
1981.353425,10.7
1981.356164,8.1
1981.358904,10.1
1981.361644,10.6
1981.364384,5.3
1981.367123,6.6
1981.369863,8.5
1981.372603,11.2
1981.375342,9.8
1981.378082,5.9
1981.380822,3.2
1981.383562,2.1
1981.386301,3.4
1981.389041,5.4
1981.391781,9.6
1981.394521,11.5
1981.397260,12.3
1981.400000,12.6
1981.402740,11
1981.405479,11.2
1981.408219,11.4
1981.410959,11.8
1981.413699,12.8
1981.416438,11.6
1981.419178,10.6
1981.421918,9.8
1981.424658,11.2
1981.427397,5.7
1981.430137,7.1
1981.432877,2.5
1981.435616,3.5
1981.438356,4.6
1981.441096,11
1981.443836,5.7
1981.446575,7.7
1981.449315,10.4
1981.452055,11.4
1981.454795,9.2
1981.457534,6.1
1981.460274,2.7
1981.463014,4.3
1981.465753,6.3
1981.468493,3.8
1981.471233,4.4
1981.473973,7.1
1981.476712,4.8
1981.479452,5.8
1981.482192,6.2
1981.484932,7.3
1981.487671,9.2
1981.490411,10.2
1981.493151,9.5
1981.495890,9.5
1981.498630,10.7
1981.501370,10
1981.504110,6.5
1981.506849,7
1981.509589,7.4
1981.512329,8.1
1981.515068,6.6
1981.517808,8.3
1981.520548,8.9
1981.523288,4.6
1981.526027,6.8
1981.528767,5.7
1981.531507,6.1
1981.534247,7
1981.536986,7.2
1981.539726,6.3
1981.542466,8.8
1981.545205,5
1981.547945,7.4
1981.550685,10.1
1981.553425,12
1981.556164,9
1981.558904,8.9
1981.561644,9.8
1981.564384,9
1981.567123,9.2
1981.569863,7.7
1981.572603,8
1981.575342,6.1
1981.578082,3.5
1981.580822,3.2
1981.583562,5.7
1981.586301,7.7
1981.589041,9
1981.591781,10
1981.594521,6.2
1981.597260,6.9
1981.600000,6.5
1981.602740,6.8
1981.605479,7
1981.608219,5.2
1981.610959,3
1981.613699,5.6
1981.616438,7.9
1981.619178,9
1981.621918,8.6
1981.624658,10.3
1981.627397,10.5
1981.630137,7.6
1981.632877,9.7
1981.635616,12.5
1981.638356,7.4
1981.641096,7.9
1981.643836,3.9
1981.646575,6.6
1981.649315,4.6
1981.652055,7
1981.654795,6
1981.657534,5.5
1981.660274,8.1
1981.663014,5.5
1981.665753,6.2
1981.668493,8
1981.671233,10.3
1981.673973,9.8
1981.676712,9.6
1981.679452,8.5
1981.682192,7.5
1981.684932,11.2
1981.687671,14.6
1981.690411,11.7
1981.693151,7.8
1981.695890,12.3
1981.698630,10.1
1981.701370,11.5
1981.704110,7.3
1981.706849,10.9
1981.709589,14.1
1981.712329,10.7
1981.715068,16.9
1981.717808,10.5
1981.720548,6.5
1981.723288,11
1981.726027,6.3
1981.728767,10.5
1981.731507,7.2
1981.734247,7.6
1981.736986,10.7
1981.739726,7.8
1981.742466,9.6
1981.745205,11.4
1981.747945,12.4
1981.750685,8.9
1981.753425,13.2
1981.756164,8.6
1981.758904,6.2
1981.761644,11.4
1981.764384,13.2
1981.767123,14.3
1981.769863,7.3
1981.772603,12.9
1981.775342,7.8
1981.778082,6.2
1981.780822,5.6
1981.783562,10
1981.786301,13.3
1981.789041,8.3
1981.791781,10.2
1981.794521,8.6
1981.797260,7.3
1981.800000,10.4
1981.802740,11.2
1981.805479,13.2
1981.808219,11.4
1981.810959,9.1
1981.813699,6.6
1981.816438,8.4
1981.819178,9.7
1981.821918,13.2
1981.824658,12.5
1981.827397,11
1981.830137,11
1981.832877,11.7
1981.835616,9.2
1981.838356,11.5
1981.841096,13.6
1981.843836,13.7
1981.846575,10.4
1981.849315,11.5
1981.852055,7.6
1981.854795,9.6
1981.857534,14.2
1981.860274,15.7
1981.863014,10.5
1981.865753,10.5
1981.868493,9.7
1981.871233,9.5
1981.873973,11.3
1981.876712,8.9
1981.879452,9.4
1981.882192,11.9
1981.884932,11.7
1981.887671,13.4
1981.890411,12.6
1981.893151,10.1
1981.895890,15.8
1981.898630,13.6
1981.901370,11.9
1981.904110,9.9
1981.906849,12.6
1981.909589,17.8
1981.912329,15
1981.915068,13.6
1981.917808,13.4
1981.920548,10.5
1981.923288,14.2
1981.926027,11.5
1981.928767,13
1981.931507,15
1981.934247,14.7
1981.936986,12.6
1981.939726,12.5
1981.942466,13.5
1981.945205,14.8
1981.947945,17.2
1981.950685,9.7
1981.953425,12.1
1981.956164,12.8
1981.958904,11.2
1981.961644,16.4
1981.964384,15.6
1981.967123,13.3
1981.969863,11
1981.972603,11.1
1981.975342,15
1981.978082,12.8
1981.980822,15
1981.983562,14.2
1981.986301,14
1981.989041,15.5
1981.991781,13.3
1981.994521,15.6
1981.997260,15.2
1982.000000,17.4
1982.002740,17
1982.005479,15
1982.008219,13.5
1982.010959,15.2
1982.013699,13
1982.016438,12.5
1982.019178,14.1
1982.021918,14.8
1982.024658,16.2
1982.027397,15.8
1982.030137,19.1
1982.032877,22.2
1982.035616,15.9
1982.038356,13
1982.041096,14.1
1982.043836,15.8
1982.046575,24
1982.049315,18
1982.052055,19.7
1982.054795,25.2
1982.057534,20.5
1982.060274,19.3
1982.063014,15.8
1982.065753,17
1982.068493,18.4
1982.071233,13.3
1982.073973,14.6
1982.076712,12.5
1982.079452,17
1982.082192,17.1
1982.084932,14
1982.087671,14.6
1982.090411,13.3
1982.093151,14.8
1982.095890,15.1
1982.098630,13.1
1982.101370,13.6
1982.104110,19.5
1982.106849,22.7
1982.109589,17.2
1982.112329,13.5
1982.115068,15.4
1982.117808,17
1982.120548,19.2
1982.123288,22.8
1982.126027,26.3
1982.128767,18.2
1982.131507,17
1982.134247,14.8
1982.136986,12.8
1982.139726,15.5
1982.142466,15.6
1982.145205,13.1
1982.147945,15.2
1982.150685,14.1
1982.153425,12.5
1982.156164,14.6
1982.158904,10.4
1982.161644,13.9
1982.164384,11.9
1982.167123,13.5
1982.169863,9.8
1982.172603,14
1982.175342,21.5
1982.178082,19.5
1982.180822,16.7
1982.183562,19.1
1982.186301,11
1982.189041,9
1982.191781,10
1982.194521,14.6
1982.197260,12.5
1982.200000,17.2
1982.202740,19.2
1982.205479,22.2
1982.208219,15.7
1982.210959,14.2
1982.213699,9.8
1982.216438,14
1982.219178,17.5
1982.221918,20.7
1982.224658,15.6
1982.227397,13.2
1982.230137,14.5
1982.232877,16.8
1982.235616,17.2
1982.238356,13.4
1982.241096,14.2
1982.243836,14.3
1982.246575,10.2
1982.249315,10.4
1982.252055,12.3
1982.254795,11.9
1982.257534,11.2
1982.260274,8.5
1982.263014,12
1982.265753,12.4
1982.268493,12.9
1982.271233,10.1
1982.273973,15
1982.276712,13.6
1982.279452,12.4
1982.282192,13.6
1982.284932,16.1
1982.287671,19.5
1982.290411,14.2
1982.293151,9.3
1982.295890,10.1
1982.298630,7.4
1982.301370,8.6
1982.304110,7.8
1982.306849,9.1
1982.309589,13
1982.312329,16.5
1982.315068,12.9
1982.317808,6.9
1982.320548,6.9
1982.323288,8.7
1982.326027,10
1982.328767,10.8
1982.331507,7.5
1982.334247,6.3
1982.336986,11.9
1982.339726,13.8
1982.342466,11.8
1982.345205,11
1982.347945,10.1
1982.350685,8.5
1982.353425,5.5
1982.356164,7.6
1982.358904,8.7
1982.361644,10.8
1982.364384,11.2
1982.367123,9.1
1982.369863,3.7
1982.372603,4.6
1982.375342,6.6
1982.378082,13.2
1982.380822,15.2
1982.383562,7.6
1982.386301,8.4
1982.389041,6
1982.391781,8.3
1982.394521,8.6
1982.397260,11.1
1982.400000,12.1
1982.402740,12.9
1982.405479,14
1982.408219,12.5
1982.410959,11.5
1982.413699,7
1982.416438,7.1
1982.419178,9
1982.421918,3.1
1982.424658,2.5
1982.427397,0
1982.430137,1.6
1982.432877,2.6
1982.435616,5.7
1982.438356,2.3
1982.441096,4.5
1982.443836,8.2
1982.446575,6.9
1982.449315,7.3
1982.452055,6
1982.454795,7.3
1982.457534,7.6
1982.460274,8
1982.463014,8
1982.465753,6.8
1982.468493,7.3
1982.471233,6.2
1982.473973,6.9
1982.476712,8.9
1982.479452,4
1982.482192,1.3
1982.484932,0.8
1982.487671,4.3
1982.490411,7.3
1982.493151,7.7
1982.495890,9
1982.498630,4.2
1982.501370,1.6
1982.504110,2.6
1982.506849,3.4
1982.509589,3.9
1982.512329,7
1982.515068,7.8
1982.517808,5.3
1982.520548,2.4
1982.523288,2.8
1982.526027,4
1982.528767,7.5
1982.531507,7.8
1982.534247,5.6
1982.536986,3.3
1982.539726,5
1982.542466,3.7
1982.545205,3.9
1982.547945,5.2
1982.550685,-0.2
1982.553425,-0.8
1982.556164,0.9
1982.558904,3.5
1982.561644,6.6
1982.564384,9.5
1982.567123,9
1982.569863,3.5
1982.572603,4.5
1982.575342,5.7
1982.578082,5.6
1982.580822,7.1
1982.583562,9.7
1982.586301,8.3
1982.589041,9.1
1982.591781,2.8
1982.594521,2.2
1982.597260,4.5
1982.600000,3.8
1982.602740,3.8
1982.605479,6.2
1982.608219,11.5
1982.610959,10.2
1982.613699,7.9
1982.616438,9
1982.619178,9.5
1982.621918,6
1982.624658,8.2
1982.627397,9.2
1982.630137,4.3
1982.632877,6.6
1982.635616,9.4
1982.638356,13.2
1982.641096,6.6
1982.643836,5.1
1982.646575,12.1
1982.649315,11.2
1982.652055,8.5
1982.654795,4.6
1982.657534,7
1982.660274,14.2
1982.663014,12.7
1982.665753,7.6
1982.668493,4
1982.671233,10
1982.673973,10.5
1982.676712,5
1982.679452,4.5
1982.682192,8.2
1982.684932,4.3
1982.687671,9.8
1982.690411,5.8
1982.693151,5
1982.695890,8.5
1982.698630,9
1982.701370,3.6
1982.704110,6.7
1982.706849,6.7
1982.709589,10.1
1982.712329,15
1982.715068,8.9
1982.717808,5.7
1982.720548,4.2
1982.723288,4
1982.726027,5.3
1982.728767,6.3
1982.731507,8.5
1982.734247,11.5
1982.736986,7.7
1982.739726,9.2
1982.742466,7.8
1982.745205,6.3
1982.747945,6.3
1982.750685,8.6
1982.753425,6.1
1982.756164,13.2
1982.758904,9.9
1982.761644,4.7
1982.764384,5.8
1982.767123,14.9
1982.769863,10.7
1982.772603,8.6
1982.775342,9.4
1982.778082,5.7
1982.780822,10.9
1982.783562,13.1
1982.786301,10.4
1982.789041,8.2
1982.791781,9.8
1982.794521,7.5
1982.797260,5.8
1982.800000,9.8
1982.802740,7.9
1982.805479,8.7
1982.808219,10
1982.810959,10.6
1982.813699,8
1982.816438,10.2
1982.819178,15.1
1982.821918,13.9
1982.824658,9.2
1982.827397,9
1982.830137,13.2
1982.832877,7
1982.835616,10.6
1982.838356,6.9
1982.841096,9.5
1982.843836,12.5
1982.846575,13.6
1982.849315,17.7
1982.852055,16
1982.854795,11.3
1982.857534,10.5
1982.860274,14.4
1982.863014,10.3
1982.865753,9
1982.868493,11.1
1982.871233,14.5
1982.873973,18
1982.876712,12.8
1982.879452,10.7
1982.882192,9.1
1982.884932,8.7
1982.887671,12.4
1982.890411,12.6
1982.893151,10.3
1982.895890,13.7
1982.898630,16
1982.901370,15.8
1982.904110,12.1
1982.906849,12.5
1982.909589,12.2
1982.912329,13.7
1982.915068,16.1
1982.917808,15.5
1982.920548,10.3
1982.923288,10.5
1982.926027,11
1982.928767,11.9
1982.931507,13
1982.934247,12.2
1982.936986,10.6
1982.939726,13
1982.942466,13
1982.945205,12.2
1982.947945,12.6
1982.950685,18.7
1982.953425,15.2
1982.956164,15.3
1982.958904,13.9
1982.961644,15.8
1982.964384,13
1982.967123,13
1982.969863,13.7
1982.972603,12
1982.975342,10.8
1982.978082,15.6
1982.980822,15.3
1982.983562,13.9
1982.986301,13
1982.989041,15.3
1982.991781,16.3
1982.994521,15.8
1982.997260,17.7
1983.000000,16.3
1983.002740,18.4
1983.005479,15
1983.008219,10.9
1983.010959,11.4
1983.013699,14.8
1983.016438,12.1
1983.019178,12.8
1983.021918,16.2
1983.024658,15.5
1983.027397,13
1983.030137,10.5
1983.032877,9.1
1983.035616,10.5
1983.038356,11.8
1983.041096,12.7
1983.043836,12.7
1983.046575,11.5
1983.049315,13.8
1983.052055,13.3
1983.054795,11.6
1983.057534,15.4
1983.060274,12.4
1983.063014,16.9
1983.065753,14.7
1983.068493,10.6
1983.071233,15.6
1983.073973,10.7
1983.076712,12.6
1983.079452,13.8
1983.082192,14.3
1983.084932,14
1983.087671,18.1
1983.090411,17.3
1983.093151,13
1983.095890,16
1983.098630,14.9
1983.101370,16.2
1983.104110,20.3
1983.106849,22.5
1983.109589,17.2
1983.112329,15.9
1983.115068,16.8
1983.117808,13.8
1983.120548,12.8
1983.123288,14
1983.126027,17.5
1983.128767,21.5
1983.131507,16.8
1983.134247,13.6
1983.136986,14.5
1983.139726,14.2
1983.142466,15.7
1983.145205,19.7
1983.147945,17.4
1983.150685,14.4
1983.153425,16.9
1983.156164,19.1
1983.158904,20.4
1983.161644,20.1
1983.164384,19.9
1983.167123,22
1983.169863,20.5
1983.172603,22.1
1983.175342,20.6
1983.178082,15
1983.180822,20.6
1983.183562,21.5
1983.186301,16.2
1983.189041,14.1
1983.191781,14.5
1983.194521,21.1
1983.197260,15.9
1983.200000,15.2
1983.202740,13.1
1983.205479,13.2
1983.208219,12.5
1983.210959,15.2
1983.213699,17.6
1983.216438,15.5
1983.219178,16.7
1983.221918,16.3
1983.224658,15.1
1983.227397,12.7
1983.230137,10
1983.232877,11.4
1983.235616,12.6
1983.238356,10.7
1983.241096,10
1983.243836,13.9
1983.246575,13.4
1983.249315,12.5
1983.252055,12.8
1983.254795,7.8
1983.257534,11.1
1983.260274,10.7
1983.263014,7.1
1983.265753,6.7
1983.268493,5.7
1983.271233,9.1
1983.273973,15.2
1983.276712,15.5
1983.279452,11.1
1983.282192,11.7
1983.284932,11.5
1983.287671,9.8
1983.290411,6.2
1983.293151,6.7
1983.295890,7.5
1983.298630,8.8
1983.301370,8
1983.304110,10.4
1983.306849,14.5
1983.309589,16.5
1983.312329,14.1
1983.315068,10.5
1983.317808,12.6
1983.320548,13
1983.323288,8.7
1983.326027,10.1
1983.328767,12
1983.331507,12.5
1983.334247,13.5
1983.336986,13.7
1983.339726,13.5
1983.342466,10.7
1983.345205,13
1983.347945,11.6
1983.350685,13
1983.353425,11.2
1983.356164,13.5
1983.358904,12.9
1983.361644,6.8
1983.364384,10
1983.367123,14.5
1983.369863,11.7
1983.372603,6.7
1983.375342,4.6
1983.378082,4.9
1983.380822,7.4
1983.383562,8.3
1983.386301,7.5
1983.389041,6.2
1983.391781,7.8
1983.394521,13.2
1983.397260,11.9
1983.400000,6.5
1983.402740,8.3
1983.405479,12.1
1983.408219,9.3
1983.410959,7.5
1983.413699,9.3
1983.416438,11
1983.419178,10.8
1983.421918,5.3
1983.424658,7.6
1983.427397,5.6
1983.430137,7.2
1983.432877,9.6
1983.435616,7
1983.438356,8.3
1983.441096,7.8
1983.443836,4.7
1983.446575,6.8
1983.449315,7.2
1983.452055,8.3
1983.454795,9.5
1983.457534,4.7
1983.460274,3
1983.463014,1.5
1983.465753,2.5
1983.468493,6.2
1983.471233,11.6
1983.473973,6.6
1983.476712,6.6
1983.479452,8
1983.482192,7.9
1983.484932,3.3
1983.487671,3.9
1983.490411,6
1983.493151,4
1983.495890,5.5
1983.498630,8.5
1983.501370,9.8
1983.504110,9.5
1983.506849,7.2
1983.509589,8.1
1983.512329,8
1983.515068,8.5
1983.517808,8.8
1983.520548,8.3
1983.523288,2.4
1983.526027,4.9
1983.528767,5.9
1983.531507,6.7
1983.534247,8.4
1983.536986,6.5
1983.539726,7.9
1983.542466,4.1
1983.545205,5.4
1983.547945,7.5
1983.550685,3.9
1983.553425,2.5
1983.556164,5.3
1983.558904,6.6
1983.561644,0
1983.564384,0.7
1983.567123,7.6
1983.569863,12.3
1983.572603,9.2
1983.575342,9.6
1983.578082,9.5
1983.580822,10
1983.583562,7.7
1983.586301,8
1983.589041,8.3
1983.591781,8.3
1983.594521,4.5
1983.597260,6.5
1983.600000,9.4
1983.602740,9.4
1983.605479,10.5
1983.608219,10.7
1983.610959,9.9
1983.613699,7.6
1983.616438,5.8
1983.619178,8.5
1983.621918,13.8
1983.624658,14.3
1983.627397,8.3
1983.630137,5.3
1983.632877,3
1983.635616,5.2
1983.638356,10.3
1983.641096,11.1
1983.643836,10.5
1983.646575,9
1983.649315,13
1983.652055,6.4
1983.654795,8.4
1983.657534,6.7
1983.660274,8.3
1983.663014,11.2
1983.665753,10
1983.668493,10.1
1983.671233,10.6
1983.673973,10.9
1983.676712,5.7
1983.679452,9.5
1983.682192,10.4
1983.684932,11.1
1983.687671,12.2
1983.690411,10.6
1983.693151,8.8
1983.695890,9.2
1983.698630,5.5
1983.701370,7.1
1983.704110,6.5
1983.706849,4.3
1983.709589,5
1983.712329,11.2
1983.715068,7.5
1983.717808,12
1983.720548,13.6
1983.723288,8.3
1983.726027,8.5
1983.728767,12.9
1983.731507,7.7
1983.734247,7.6
1983.736986,3.5
1983.739726,10.4
1983.742466,15.4
1983.745205,10.6
1983.747945,9.6
1983.750685,9.3
1983.753425,13.9
1983.756164,7.7
1983.758904,9.5
1983.761644,7.6
1983.764384,6.9
1983.767123,6.8
1983.769863,5.8
1983.772603,6
1983.775342,8.3
1983.778082,9.1
1983.780822,12.5
1983.783562,13.2
1983.786301,16.2
1983.789041,12.5
1983.791781,11.8
1983.794521,10.6
1983.797260,10
1983.800000,12.2
1983.802740,8.9
1983.805479,10.3
1983.808219,7.5
1983.810959,11.6
1983.813699,12.6
1983.816438,12.9
1983.819178,11.7
1983.821918,14
1983.824658,12.3
1983.827397,9
1983.830137,9.2
1983.832877,9.8
1983.835616,11.8
1983.838356,10.6
1983.841096,12.6
1983.843836,11
1983.846575,8.2
1983.849315,7.5
1983.852055,13.6
1983.854795,14.8
1983.857534,10.9
1983.860274,7.7
1983.863014,10.2
1983.865753,10.8
1983.868493,10.8
1983.871233,12.5
1983.873973,13.2
1983.876712,8.7
1983.879452,5.7
1983.882192,9.8
1983.884932,7.3
1983.887671,10.8
1983.890411,10
1983.893151,16.2
1983.895890,15
1983.898630,14.5
1983.901370,15.9
1983.904110,14.9
1983.906849,14.2
1983.909589,15.8
1983.912329,17.2
1983.915068,17.6
1983.917808,12.1
1983.920548,11.4
1983.923288,13
1983.926027,13.2
1983.928767,12
1983.931507,15.3
1983.934247,12.7
1983.936986,12.1
1983.939726,13.8
1983.942466,10.9
1983.945205,12
1983.947945,16.5
1983.950685,15
1983.953425,11.2
1983.956164,13.9
1983.958904,15
1983.961644,14.8
1983.964384,15
1983.967123,13.3
1983.969863,20.4
1983.972603,18
1983.975342,12.2
1983.978082,16.7
1983.980822,13.8
1983.983562,17.5
1983.986301,15
1983.989041,13.9
1983.991781,11.1
1983.994521,16.1
1983.997260,20.4
1984.000000,18
1984.002740,19.5
1984.005479,17.1
1984.008219,17.1
1984.010959,12
1984.013699,11
1984.016438,16.3
1984.019178,16.1
1984.021918,13
1984.024658,13.4
1984.027397,15.2
1984.030137,12.5
1984.032877,14.3
1984.035616,16.5
1984.038356,18.6
1984.041096,18
1984.043836,18.2
1984.046575,11.4
1984.049315,11.9
1984.052055,12.2
1984.054795,14.8
1984.057534,13.1
1984.060274,12.7
1984.063014,10.5
1984.065753,13.8
1984.068493,18.8
1984.071233,13.9
1984.073973,11.2
1984.076712,10.6
1984.079452,14.7
1984.082192,13.1
1984.084932,12.1
1984.087671,14.7
1984.090411,11.1
1984.093151,13
1984.095890,15.6
1984.098630,14.2
1984.101370,15.5
1984.104110,18
1984.106849,15
1984.109589,15.9
1984.112329,15.5
1984.115068,15.8
1984.117808,16.6
1984.120548,13.6
1984.123288,13.8
1984.126027,14.6
1984.128767,15.6
1984.131507,16.6
1984.134247,14.3
1984.136986,16.3
1984.139726,18.9
1984.142466,18.7
1984.145205,14.5
1984.147945,16.5
1984.150685,14.1
1984.153425,13.5
1984.156164,11.7
1984.158904,15.1
1984.161644,11.2
1984.164384,13.5
1984.167123,12.6
1984.169863,8.8
1984.172603,10.5
1984.175342,12.1
1984.178082,14.5
1984.180822,19.5
1984.183562,14
1984.186301,13.8
1984.189041,10.5
1984.191781,13.8
1984.194521,11.4
1984.197260,15.6
1984.200000,11.1
1984.202740,12.1
1984.205479,14.2
1984.208219,10.9
1984.210959,14.2
1984.213699,13.8
1984.216438,15.1
1984.219178,14
1984.221918,12.1
1984.224658,13.8
1984.227397,16.6
1984.230137,17.8
1984.232877,9.4
1984.235616,10.2
1984.238356,7.4
1984.241096,8.7
1984.243836,14
1984.246575,15.3
1984.249315,11.1
1984.252055,9.7
1984.254795,10.3
1984.257534,9.2
1984.260274,8.2
1984.263014,9.7
1984.265753,12.4
1984.268493,12.5
1984.271233,9
1984.273973,9.7
1984.276712,10.1
1984.279452,11.2
1984.282192,12
1984.284932,11.1
1984.287671,10.8
1984.290411,12.8
1984.293151,9.8
1984.295890,13.7
1984.298630,11
1984.301370,13.2
1984.304110,13
1984.306849,10.2
1984.309589,13.2
1984.312329,9.3
1984.315068,11.1
1984.317808,10.3
1984.320548,8.7
1984.323288,11.7
1984.326027,12.5
1984.328767,6.5
1984.331507,9.6
1984.334247,13.8
1984.336986,14.7
1984.339726,9.1
1984.342466,4.8
1984.345205,3.3
1984.347945,3.5
1984.350685,5.7
1984.353425,5.5
1984.356164,7
1984.358904,9.5
1984.361644,9.9
1984.364384,4.9
1984.367123,6.3
1984.369863,4.8
1984.372603,6.2
1984.375342,7.1
1984.378082,7.5
1984.380822,9.4
1984.383562,8.7
1984.386301,9.5
1984.389041,12.1
1984.391781,9.5
1984.394521,9.3
1984.397260,8.5
1984.400000,8
1984.402740,9.8
1984.405479,6.2
1984.408219,7.3
1984.410959,10.9
1984.413699,10
1984.416438,8.7
1984.419178,9
1984.421918,10.8
1984.424658,12.4
1984.427397,7.2
1984.430137,7.2
1984.432877,11.1
1984.435616,9.3
1984.438356,10.1
1984.441096,3.9
1984.443836,5
1984.446575,8.2
1984.449315,2.8
1984.452055,4.3
1984.454795,8.1
1984.457534,11.1
1984.460274,4.7
1984.463014,5.3
1984.465753,10
1984.468493,5.6
1984.471233,2.2
1984.473973,7.1
1984.476712,8.3
1984.479452,8.6
1984.482192,10.1
1984.484932,8.3
1984.487671,7.2
1984.490411,7.7
1984.493151,7.8
1984.495890,9.1
1984.498630,9.4
1984.501370,7.8
1984.504110,2.6
1984.506849,2.4
1984.509589,3.9
1984.512329,1.3
1984.515068,2.1
1984.517808,7.4
1984.520548,7.2
1984.523288,8.8
1984.526027,8.9
1984.528767,8.8
1984.531507,8
1984.534247,0.7
1984.536986,-0.1
1984.539726,0.9
1984.542466,7.8
1984.545205,7.2
1984.547945,8
1984.550685,4.6
1984.553425,5.2
1984.556164,5.8
1984.558904,6.8
1984.561644,8.1
1984.564384,7.5
1984.567123,5.4
1984.569863,4.6
1984.572603,6.4
1984.575342,9.7
1984.578082,7
1984.580822,10
1984.583562,10.6
1984.586301,11.5
1984.589041,10.2
1984.591781,11.1
1984.594521,11
1984.597260,8.9
1984.600000,9.9
1984.602740,11.7
1984.605479,11.6
1984.608219,9
1984.610959,6.3
1984.613699,8.7
1984.616438,8.5
1984.619178,8.5
1984.621918,8
1984.624658,6
1984.627397,8
1984.630137,8.5
1984.632877,7.7
1984.635616,8.4
1984.638356,9
1984.641096,8.3
1984.643836,6.8
1984.646575,9.3
1984.649315,6.7
1984.652055,9
1984.654795,7.3
1984.657534,6.3
1984.660274,7.9
1984.663014,5.2
1984.665753,9
1984.668493,11.3
1984.671233,9.2
1984.673973,11.3
1984.676712,7
1984.679452,8
1984.682192,4.6
1984.684932,8.5
1984.687671,9.5
1984.690411,9.4
1984.693151,10.5
1984.695890,9.7
1984.698630,4.9
1984.701370,8
1984.704110,5.8
1984.706849,5.5
1984.709589,10.9
1984.712329,11.7
1984.715068,9.2
1984.717808,8.9
1984.720548,11.3
1984.723288,8.6
1984.726027,6.2
1984.728767,6.6
1984.731507,9.1
1984.734247,6.1
1984.736986,7.5
1984.739726,10.7
1984.742466,6.3
1984.745205,5.5
1984.747945,6.7
1984.750685,4.2
1984.753425,11.3
1984.756164,16.3
1984.758904,10.5
1984.761644,10.3
1984.764384,7.9
1984.767123,7.7
1984.769863,16
1984.772603,14.6
1984.775342,12.5
1984.778082,8.1
1984.780822,12.2
1984.783562,17.2
1984.786301,9.4
1984.789041,8.7
1984.791781,5.9
1984.794521,4.8
1984.797260,7.4
1984.800000,9.4
1984.802740,9.7
1984.805479,9.9
1984.808219,6.5
1984.810959,9.8
1984.813699,18.2
1984.816438,11.3
1984.819178,9.1
1984.821918,9.6
1984.824658,13.5
1984.827397,10.7
1984.830137,10
1984.832877,8.5
1984.835616,12.6
1984.838356,16.6
1984.841096,11.6
1984.843836,12.2
1984.846575,11.2
1984.849315,9.2
1984.852055,9.9
1984.854795,11.9
1984.857534,15.6
1984.860274,19
1984.863014,12.8
1984.865753,12.2
1984.868493,12
1984.871233,11.1
1984.873973,11.8
1984.876712,7.6
1984.879452,13
1984.882192,12.7
1984.884932,16
1984.887671,14.8
1984.890411,14.2
1984.893151,10
1984.895890,8.8
1984.898630,11.6
1984.901370,8.6
1984.904110,14.6
1984.906849,24.3
1984.909589,11.6
1984.912329,10.8
1984.915068,12
1984.917808,11
1984.920548,12.6
1984.923288,10.8
1984.926027,9.1
1984.928767,11
1984.931507,13
1984.934247,12.8
1984.936986,9.9
1984.939726,11.6
1984.942466,10.5
1984.945205,15.9
1984.947945,12.2
1984.950685,13
1984.953425,12.5
1984.956164,12.5
1984.958904,11.4
1984.961644,12.1
1984.964384,16.8
1984.967123,12.1
1984.969863,11.3
1984.972603,10.4
1984.975342,14.2
1984.978082,11.4
1984.980822,13.7
1984.983562,16.5
1984.986301,12.8
1984.989041,12.2
1984.991781,12
1984.994521,12.6
1984.997260,16
1985.000000,16.4
1985.002740,13.3
1985.005479,15.2
1985.008219,13.1
1985.010959,12.7
1985.013699,14.6
1985.016438,11
1985.019178,13.2
1985.021918,12.2
1985.024658,14.4
1985.027397,13.7
1985.030137,14.5
1985.032877,14.1
1985.035616,14.4
1985.038356,19.7
1985.041096,16.5
1985.043836,15.9
1985.046575,11.8
1985.049315,12
1985.052055,11.4
1985.054795,14.4
1985.057534,12.4
1985.060274,15.1
1985.063014,15.6
1985.065753,15.2
1985.068493,12.8
1985.071233,13.3
1985.073973,17.5
1985.076712,15.4
1985.079452,13.5
1985.082192,16.7
1985.084932,15.2
1985.087671,14.9
1985.090411,10.2
1985.093151,13.6
1985.095890,19
1985.098630,15.7
1985.101370,18
1985.104110,14.8
1985.106849,13.9
1985.109589,13
1985.112329,15.3
1985.115068,14.3
1985.117808,15.6
1985.120548,16
1985.123288,14.9
1985.126027,11.1
1985.128767,14.8
1985.131507,13
1985.134247,12.2
1985.136986,10.9
1985.139726,14.6
1985.142466,16.6
1985.145205,18.1
1985.147945,13.4
1985.150685,10.3
1985.153425,13.6
1985.156164,13.8
1985.158904,10.3
1985.161644,11
1985.164384,14.3
1985.167123,15.5
1985.169863,14.7
1985.172603,12.7
1985.175342,10.7
1985.178082,12.6
1985.180822,9.8
1985.183562,13.2
1985.186301,15.2
1985.189041,16.6
1985.191781,21
1985.194521,22.4
1985.197260,17
1985.200000,21.7
1985.202740,21.4
1985.205479,18.6
1985.208219,16.2
1985.210959,16.8
1985.213699,17
1985.216438,18.4
1985.219178,17.2
1985.221918,18.4
1985.224658,18.8
1985.227397,16.5
1985.230137,13.3
1985.232877,12.2
1985.235616,11.3
1985.238356,13.8
1985.241096,16.6
1985.243836,14
1985.246575,14.3
1985.249315,16.4
1985.252055,11.9
1985.254795,15.7
1985.257534,17.6
1985.260274,17.5
1985.263014,15.9
1985.265753,16.2
1985.268493,16
1985.271233,15.9
1985.273973,16.2
1985.276712,16.2
1985.279452,19.5
1985.282192,18.2
1985.284932,21.8
1985.287671,15.1
1985.290411,11
1985.293151,8.1
1985.295890,9.5
1985.298630,9.3
1985.301370,10.6
1985.304110,6.3
1985.306849,8.6
1985.309589,6.8
1985.312329,8.7
1985.315068,8.4
1985.317808,9.3
1985.320548,10
1985.323288,10.5
1985.326027,12
1985.328767,10.1
1985.331507,9.4
1985.334247,10.1
1985.336986,8
1985.339726,10.6
1985.342466,13.6
1985.345205,15.4
1985.347945,9
1985.350685,10.4
1985.353425,11
1985.356164,12.1
1985.358904,13.4
1985.361644,11.3
1985.364384,6.7
1985.367123,9.8
1985.369863,10.8
1985.372603,7.8
1985.375342,4.5
1985.378082,7.6
1985.380822,6.9
1985.383562,7.5
1985.386301,8.5
1985.389041,5.5
1985.391781,9.5
1985.394521,7.3
1985.397260,5.4
1985.400000,5.5
1985.402740,8.1
1985.405479,11.2
1985.408219,13.4
1985.410959,11.6
1985.413699,10.1
1985.416438,4.3
1985.419178,5.5
1985.421918,4.4
1985.424658,5.9
1985.427397,5.7
1985.430137,8.2
1985.432877,8.2
1985.435616,4.2
1985.438356,6.5
1985.441096,10
1985.443836,8.8
1985.446575,6.6
1985.449315,7.8
1985.452055,10.1
1985.454795,7.1
1985.457534,7.7
1985.460274,8.5
1985.463014,7.3
1985.465753,6.9
1985.468493,8.4
1985.471233,7.1
1985.473973,6.3
1985.476712,0.6
1985.479452,1.6
1985.482192,7
1985.484932,8.3
1985.487671,8
1985.490411,10.2
1985.493151,10.6
1985.495890,10.4
1985.498630,11.6
1985.501370,11
1985.504110,10.7
1985.506849,7.3
1985.509589,4.2
1985.512329,4.7
1985.515068,5.6
1985.517808,7.7
1985.520548,7.5
1985.523288,4.9
1985.526027,5.9
1985.528767,7.8
1985.531507,5.8
1985.534247,7
1985.536986,8.4
1985.539726,6.2
1985.542466,7.5
1985.545205,4.8
1985.547945,3.3
1985.550685,3.2
1985.553425,7
1985.556164,8.4
1985.558904,0.3
1985.561644,0.3
1985.564384,2.1
1985.567123,8.5
1985.569863,1.4
1985.572603,4.1
1985.575342,10.3
1985.578082,6.6
1985.580822,6.1
1985.583562,7
1985.586301,5.1
1985.589041,6.3
1985.591781,6.9
1985.594521,11.4
1985.597260,10.4
1985.600000,10.3
1985.602740,9.2
1985.605479,7.2
1985.608219,7.5
1985.610959,4
1985.613699,5.6
1985.616438,6.7
1985.619178,8.4
1985.621918,11
1985.624658,8.4
1985.627397,8.8
1985.630137,8.6
1985.632877,8.3
1985.635616,4
1985.638356,3.6
1985.641096,5.7
1985.643836,10.6
1985.646575,6.9
1985.649315,10
1985.652055,9.8
1985.654795,7.2
1985.657534,10.5
1985.660274,3.6
1985.663014,5.3
1985.665753,8.4
1985.668493,10.3
1985.671233,7.9
1985.673973,8.5
1985.676712,7.9
1985.679452,8
1985.682192,9.8
1985.684932,6.7
1985.687671,4.8
1985.690411,9.9
1985.693151,12.8
1985.695890,10.9
1985.698630,11.7
1985.701370,11.7
1985.704110,11
1985.706849,8.2
1985.709589,7.5
1985.712329,5.4
1985.715068,7.2
1985.717808,9.7
1985.720548,8.4
1985.723288,9
1985.726027,8.7
1985.728767,6.6
1985.731507,11.6
1985.734247,13.1
1985.736986,6.7
1985.739726,6.5
1985.742466,7.7
1985.745205,8.7
1985.747945,7.2
1985.750685,10.5
1985.753425,8.6
1985.756164,7.2
1985.758904,11.4
1985.761644,16.2
1985.764384,6.1
1985.767123,9.6
1985.769863,11.1
1985.772603,13.6
1985.775342,10.7
1985.778082,14.7
1985.780822,11.6
1985.783562,7.3
1985.786301,8
1985.789041,9.6
1985.791781,16
1985.794521,15.1
1985.797260,12.8
1985.800000,6.2
1985.802740,7.1
1985.805479,8.4
1985.808219,10
1985.810959,12.7
1985.813699,10
1985.816438,10.2
1985.819178,6.5
1985.821918,9.2
1985.824658,11.9
1985.827397,14.7
1985.830137,11.4
1985.832877,6.8
1985.835616,7.4
1985.838356,11.2
1985.841096,9.2
1985.843836,12.6
1985.846575,16
1985.849315,17.1
1985.852055,15.3
1985.854795,13.3
1985.857534,15.4
1985.860274,13.2
1985.863014,14.4
1985.865753,14
1985.868493,15.5
1985.871233,21
1985.873973,10
1985.876712,9.6
1985.879452,12
1985.882192,12.2
1985.884932,11.3
1985.887671,13.2
1985.890411,10.5
1985.893151,10.1
1985.895890,8.8
1985.898630,13.7
1985.901370,16.2
1985.904110,16
1985.906849,14
1985.909589,13.7
1985.912329,12.5
1985.915068,12.8
1985.917808,12.3
1985.920548,15.2
1985.923288,15
1985.926027,16.4
1985.928767,16.1
1985.931507,14.6
1985.934247,18.2
1985.936986,16.4
1985.939726,16.6
1985.942466,14.7
1985.945205,15.8
1985.947945,14.1
1985.950685,13.5
1985.953425,13.6
1985.956164,13.7
1985.958904,13.6
1985.961644,12.1
1985.964384,12.7
1985.967123,13.3
1985.969863,14.2
1985.972603,15
1985.975342,13.7
1985.978082,12
1985.980822,13.1
1985.983562,13.2
1985.986301,13.3
1985.989041,11.5
1985.991781,10.8
1985.994521,12
1985.997260,16.3
1986.000000,14.4
1986.002740,12.9
1986.005479,13.8
1986.008219,10.6
1986.010959,12.6
1986.013699,13.7
1986.016438,12.6
1986.019178,13.1
1986.021918,15.4
1986.024658,11.9
1986.027397,13.8
1986.030137,14.4
1986.032877,15.2
1986.035616,12.5
1986.038356,12.2
1986.041096,16.1
1986.043836,14.6
1986.046575,11.6
1986.049315,13.1
1986.052055,12.8
1986.054795,15.2
1986.057534,13.8
1986.060274,15
1986.063014,13.5
1986.065753,11.8
1986.068493,15.3
1986.071233,13.5
1986.073973,15.3
1986.076712,13.8
1986.079452,15.8
1986.082192,17.4
1986.084932,15.3
1986.087671,14.6
1986.090411,14.8
1986.093151,10.7
1986.095890,11.6
1986.098630,13.6
1986.101370,14.4
1986.104110,11.8
1986.106849,15.8
1986.109589,16
1986.112329,11.8
1986.115068,14.5
1986.117808,10.7
1986.120548,14.2
1986.123288,19.5
1986.126027,21.4
1986.128767,17.9
1986.131507,17.4
1986.134247,12.7
1986.136986,13.8
1986.139726,14
1986.142466,15
1986.145205,14.5
1986.147945,13.1
1986.150685,11.4
1986.153425,12.5
1986.156164,12
1986.158904,13.4
1986.161644,14.4
1986.164384,17.7
1986.167123,13.9
1986.169863,13.3
1986.172603,14.6
1986.175342,16.4
1986.178082,16.8
1986.180822,20
1986.183562,12.5
1986.186301,12.7
1986.189041,11.7
1986.191781,12.7
1986.194521,8.6
1986.197260,11.9
1986.200000,16
1986.202740,15.2
1986.205479,13.4
1986.208219,11.6
1986.210959,11.1
1986.213699,15.6
1986.216438,17
1986.219178,18.5
1986.221918,17.4
1986.224658,16.5
1986.227397,16.2
1986.230137,16.1
1986.232877,13.2
1986.235616,18
1986.238356,12.8
1986.241096,11.7
1986.243836,16.7
1986.246575,15.6
1986.249315,10.2
1986.252055,10.3
1986.254795,15
1986.257534,18
1986.260274,13.8
1986.263014,10.5
1986.265753,11.8
1986.268493,7.2
1986.271233,11.6
1986.273973,7.4
1986.276712,14.2
1986.279452,12.2
1986.282192,9
1986.284932,12.3
1986.287671,19.7
1986.290411,12.8
1986.293151,12.4
1986.295890,12
1986.298630,12
1986.301370,11.1
1986.304110,12.7
1986.306849,14.2
1986.309589,11.6
1986.312329,12
1986.315068,11.5
1986.317808,8.3
1986.320548,10.5
1986.323288,9
1986.326027,6.9
1986.328767,9.4
1986.331507,11.1
1986.334247,9.1
1986.336986,7.7
1986.339726,10
1986.342466,10.4
1986.345205,8
1986.347945,9.8
1986.350685,12.4
1986.353425,12.9
1986.356164,12.3
1986.358904,6.9
1986.361644,10.5
1986.364384,11
1986.367123,9.7
1986.369863,11.1
1986.372603,11.5
1986.375342,13.4
1986.378082,10.9
1986.380822,12
1986.383562,12.1
1986.386301,10.4
1986.389041,10
1986.391781,9.6
1986.394521,11.3
1986.397260,8.5
1986.400000,6.3
1986.402740,8.2
1986.405479,10.7
1986.408219,10.3
1986.410959,9.5
1986.413699,10.9
1986.416438,10.9
1986.419178,4.3
1986.421918,5.2
1986.424658,11
1986.427397,11.6
1986.430137,10.6
1986.432877,9.4
1986.435616,10
1986.438356,9.6
1986.441096,9.5
1986.443836,9.7
1986.446575,9.6
1986.449315,7
1986.452055,7
1986.454795,6.8
1986.457534,6.9
1986.460274,8
1986.463014,7.6
1986.465753,8.6
1986.468493,5.7
1986.471233,5.5
1986.473973,5.7
1986.476712,5.7
1986.479452,6.6
1986.482192,6
1986.484932,6.9
1986.487671,7.7
1986.490411,8
1986.493151,3.9
1986.495890,0.8
1986.498630,2.8
1986.501370,8
1986.504110,9.8
1986.506849,11.4
1986.509589,8.6
1986.512329,5.2
1986.515068,6.6
1986.517808,5.7
1986.520548,4.6
1986.523288,5.8
1986.526027,7
1986.528767,4.8
1986.531507,4.4
1986.534247,4.4
1986.536986,7.9
1986.539726,10.6
1986.542466,5
1986.545205,7.6
1986.547945,9.2
1986.550685,9.7
1986.553425,8.8
1986.556164,6.8
1986.558904,9.4
1986.561644,11
1986.564384,2.5
1986.567123,2.1
1986.569863,5.4
1986.572603,6.2
1986.575342,7.8
1986.578082,7.4
1986.580822,9.3
1986.583562,9.3
1986.586301,9.5
1986.589041,8.5
1986.591781,10
1986.594521,7.7
1986.597260,9.3
1986.600000,9.1
1986.602740,3.5
1986.605479,3.6
1986.608219,2.5
1986.610959,1.7
1986.613699,2.7
1986.616438,2.9
1986.619178,5.3
1986.621918,7.7
1986.624658,9.1
1986.627397,9.4
1986.630137,7.3
1986.632877,8.4
1986.635616,9.2
1986.638356,6.6
1986.641096,9.7
1986.643836,12.4
1986.646575,10.2
1986.649315,5.9
1986.652055,7.1
1986.654795,7.5
1986.657534,9.7
1986.660274,12.2
1986.663014,5.6
1986.665753,5.4
1986.668493,8.3
1986.671233,10.6
1986.673973,9.1
1986.676712,11.3
1986.679452,10.9
1986.682192,8.9
1986.684932,6.3
1986.687671,9
1986.690411,6.1
1986.693151,9.1
1986.695890,9.6
1986.698630,6
1986.701370,10
1986.704110,11
1986.706849,6.2
1986.709589,8.3
1986.712329,11.3
1986.715068,11.3
1986.717808,6.7
1986.720548,6.6
1986.723288,11.4
1986.726027,6.9
1986.728767,10.6
1986.731507,8.6
1986.734247,11.3
1986.736986,12.5
1986.739726,9.9
1986.742466,6.9
1986.745205,5.5
1986.747945,7.8
1986.750685,11
1986.753425,16.2
1986.756164,9.9
1986.758904,8.7
1986.761644,10.5
1986.764384,12.2
1986.767123,10.6
1986.769863,8.3
1986.772603,5.5
1986.775342,9
1986.778082,6.4
1986.780822,7.2
1986.783562,12.9
1986.786301,12
1986.789041,7.3
1986.791781,9.7
1986.794521,8.4
1986.797260,14.7
1986.800000,9.5
1986.802740,7.9
1986.805479,6.8
1986.808219,12.6
1986.810959,5.2
1986.813699,7.5
1986.816438,8.7
1986.819178,7.6
1986.821918,9
1986.824658,7.2
1986.827397,10.7
1986.830137,13.1
1986.832877,13.9
1986.835616,10.8
1986.838356,10.4
1986.841096,9.1
1986.843836,16
1986.846575,21
1986.849315,16.2
1986.852055,8.6
1986.854795,9.2
1986.857534,12.5
1986.860274,9.7
1986.863014,12.5
1986.865753,10.3
1986.868493,12
1986.871233,11
1986.873973,14.8
1986.876712,15
1986.879452,15.3
1986.882192,10.3
1986.884932,10.7
1986.887671,10.5
1986.890411,8.9
1986.893151,8.1
1986.895890,11.5
1986.898630,12.8
1986.901370,9.1
1986.904110,14.6
1986.906849,11.6
1986.909589,11.2
1986.912329,12.6
1986.915068,7.5
1986.917808,11
1986.920548,14.5
1986.923288,18.5
1986.926027,15.4
1986.928767,13.1
1986.931507,16.3
1986.934247,20.2
1986.936986,11.5
1986.939726,12.4
1986.942466,10.9
1986.945205,12.7
1986.947945,12.2
1986.950685,12.4
1986.953425,9.8
1986.956164,8.5
1986.958904,14.7
1986.961644,12
1986.964384,10.3
1986.967123,11
1986.969863,10.2
1986.972603,12.6
1986.975342,11.6
1986.978082,9.7
1986.980822,13.4
1986.983562,10.5
1986.986301,14.7
1986.989041,14.6
1986.991781,14.2
1986.994521,13.2
1986.997260,11.7
1987.000000,17.2
1987.002740,12.3
1987.005479,13.8
1987.008219,15.3
1987.010959,15.6
1987.013699,16.2
1987.016438,16.3
1987.019178,16.8
1987.021918,11
1987.024658,8.5
1987.027397,13.2
1987.030137,13
1987.032877,12.4
1987.035616,13
1987.038356,16.6
1987.041096,12
1987.043836,12.4
1987.046575,15
1987.049315,11.8
1987.052055,11.6
1987.054795,12.2
1987.057534,13.7
1987.060274,11.2
1987.063014,12.4
1987.065753,11.5
1987.068493,13.8
1987.071233,15.7
1987.073973,12.9
1987.076712,11.5
1987.079452,11
1987.082192,12.7
1987.084932,14.9
1987.087671,16.5
1987.090411,12.8
1987.093151,12.7
1987.095890,12.7
1987.098630,11.6
1987.101370,13.3
1987.104110,15.2
1987.106849,16.4
1987.109589,11.9
1987.112329,15.1
1987.115068,10.6
1987.117808,13.6
1987.120548,12.1
1987.123288,16
1987.126027,16.8
1987.128767,16.6
1987.131507,15.6
1987.134247,15.2
1987.136986,17.7
1987.139726,21
1987.142466,13.4
1987.145205,10.5
1987.147945,9.5
1987.150685,12
1987.153425,10.4
1987.156164,11.5
1987.158904,13.2
1987.161644,15
1987.164384,14.1
1987.167123,12.4
1987.169863,13.4
1987.172603,12.5
1987.175342,14.3
1987.178082,17.6
1987.180822,10.4
1987.183562,9.9
1987.186301,10.2
1987.189041,11.3
1987.191781,9.5
1987.194521,11.8
1987.197260,11.5
1987.200000,10.5
1987.202740,10.8
1987.205479,13
1987.208219,18.5
1987.210959,18.7
1987.213699,15
1987.216438,13
1987.219178,11.3
1987.221918,13
1987.224658,13.3
1987.227397,11
1987.230137,10.3
1987.232877,13
1987.235616,12.3
1987.238356,15.6
1987.241096,10.2
1987.243836,10.8
1987.246575,12
1987.249315,13.3
1987.252055,11.7
1987.254795,12.5
1987.257534,13.7
1987.260274,14.9
1987.263014,20.2
1987.265753,16.3
1987.268493,13.9
1987.271233,10.1
1987.273973,7.3
1987.276712,14
1987.279452,17.7
1987.282192,16.3
1987.284932,10.6
1987.287671,9.7
1987.290411,7.8
1987.293151,10.4
1987.295890,10.4
1987.298630,14.1
1987.301370,7.1
1987.304110,8.1
1987.306849,7.8
1987.309589,10.6
1987.312329,9.1
1987.315068,9
1987.317808,11.9
1987.320548,17.1
1987.323288,16.8
1987.326027,13.5
1987.328767,11.6
1987.331507,7
1987.334247,9.7
1987.336986,9.9
1987.339726,11.2
1987.342466,11.3
1987.345205,11.8
1987.347945,9.9
1987.350685,7.1
1987.353425,9.6
1987.356164,9.8
1987.358904,10.6
1987.361644,12.8
1987.364384,16.5
1987.367123,11.7
1987.369863,12.3
1987.372603,12.2
1987.375342,11.8
1987.378082,10.7
1987.380822,10.2
1987.383562,10
1987.386301,8.3
1987.389041,6.6
1987.391781,9.5
1987.394521,12.3
1987.397260,7.6
1987.400000,9.3
1987.402740,5
1987.405479,4.3
1987.408219,6.4
1987.410959,10.8
1987.413699,7.8
1987.416438,8.5
1987.419178,9.7
1987.421918,10
1987.424658,11
1987.427397,10.2
1987.430137,6.6
1987.432877,6.1
1987.435616,5.9
1987.438356,8.9
1987.441096,13
1987.443836,12.6
1987.446575,5.4
1987.449315,6
1987.452055,7.8
1987.454795,9
1987.457534,4.2
1987.460274,3
1987.463014,4.5
1987.465753,6.2
1987.468493,11.9
1987.471233,11.8
1987.473973,9.4
1987.476712,9.6
1987.479452,9.4
1987.482192,7
1987.484932,8.9
1987.487671,9.3
1987.490411,6.8
1987.493151,7.5
1987.495890,8
1987.498630,8.3
1987.501370,2.7
1987.504110,3.9
1987.506849,4.1
1987.509589,5
1987.512329,5.8
1987.515068,4.4
1987.517808,4.1
1987.520548,5.8
1987.523288,9.1
1987.526027,7.9
1987.528767,5
1987.531507,2.8
1987.534247,4.7
1987.536986,8.9
1987.539726,5.4
1987.542466,7.1
1987.545205,9
1987.547945,9.4
1987.550685,6.3
1987.553425,7
1987.556164,6.4
1987.558904,6.7
1987.561644,1.5
1987.564384,2.9
1987.567123,4.8
1987.569863,6.3
1987.572603,5.7
1987.575342,7
1987.578082,8.8
1987.580822,8.7
1987.583562,9
1987.586301,9.6
1987.589041,8
1987.591781,8.4
1987.594521,8.1
1987.597260,9
1987.600000,5.3
1987.602740,8.9
1987.605479,8.7
1987.608219,4.9
1987.610959,7
1987.613699,7.5
1987.616438,7
1987.619178,9.1
1987.621918,11.8
1987.624658,9.9
1987.627397,5.6
1987.630137,4.2
1987.632877,4.3
1987.635616,8
1987.638356,5.1
1987.641096,9.4
1987.643836,9.1
1987.646575,9.7
1987.649315,10.6
1987.652055,8.6
1987.654795,10.1
1987.657534,11
1987.660274,9.7
1987.663014,5
1987.665753,6.1
1987.668493,5.4
1987.671233,5.8
1987.673973,7.3
1987.676712,6.3
1987.679452,4.8
1987.682192,7.6
1987.684932,8.1
1987.687671,9.5
1987.690411,10.3
1987.693151,7
1987.695890,9
1987.698630,10.2
1987.701370,6.8
1987.704110,9.3
1987.706849,9.8
1987.709589,10.7
1987.712329,7.8
1987.715068,9.2
1987.717808,15
1987.720548,7.8
1987.723288,5.3
1987.726027,9.5
1987.728767,7.6
1987.731507,14
1987.734247,14.9
1987.736986,14.9
1987.739726,19.2
1987.742466,17
1987.745205,13
1987.747945,11.2
1987.750685,9.5
1987.753425,10.3
1987.756164,9.3
1987.758904,11.3
1987.761644,6.5
1987.764384,12
1987.767123,8.3
1987.769863,8.7
1987.772603,8.7
1987.775342,10.2
1987.778082,6.9
1987.780822,4.9
1987.783562,10
1987.786301,7.6
1987.789041,14.5
1987.791781,13.2
1987.794521,9.9
1987.797260,10.1
1987.800000,11.3
1987.802740,10.4
1987.805479,10.9
1987.808219,9.2
1987.810959,10.5
1987.813699,11.4
1987.816438,13.5
1987.819178,9.8
1987.821918,13.1
1987.824658,9.7
1987.827397,11.4
1987.830137,9.9
1987.832877,14.4
1987.835616,19
1987.838356,23
1987.841096,15.4
1987.843836,9.6
1987.846575,10.8
1987.849315,12.1
1987.852055,11
1987.854795,12.6
1987.857534,14.7
1987.860274,11.1
1987.863014,10.1
1987.865753,11.4
1987.868493,13
1987.871233,11.9
1987.873973,9.5
1987.876712,13.5
1987.879452,15.2
1987.882192,18.4
1987.884932,24.1
1987.887671,14.1
1987.890411,10.7
1987.893151,8.7
1987.895890,13.3
1987.898630,11.6
1987.901370,9.9
1987.904110,10.8
1987.906849,11.5
1987.909589,10
1987.912329,13.9
1987.915068,13.6
1987.917808,11.9
1987.920548,11.1
1987.923288,8.2
1987.926027,9.4
1987.928767,12.7
1987.931507,11.6
1987.934247,11
1987.936986,11.3
1987.939726,13.4
1987.942466,14.9
1987.945205,15.2
1987.947945,13.9
1987.950685,15
1987.953425,16.2
1987.956164,17.7
1987.958904,20.5
1987.961644,14.7
1987.964384,12.5
1987.967123,10.9
1987.969863,12.8
1987.972603,12.7
1987.975342,11.2
1987.978082,11.4
1987.980822,11.2
1987.983562,12.1
1987.986301,12.7
1987.989041,16.2
1987.991781,14.2
1987.994521,14.3
1987.997260,13.3
1988.000000,16.7
1988.002740,15.3
1988.005479,14.3
1988.008219,13.5
1988.010959,15
1988.013699,13.6
1988.016438,15.2
1988.019178,17
1988.021918,18.7
1988.024658,16.5
1988.027397,17.4
1988.030137,18.3
1988.032877,18.3
1988.035616,22.4
1988.038356,21.4
1988.041096,20.9
1988.043836,17.6
1988.046575,15.5
1988.049315,16.6
1988.052055,16.2
1988.054795,15.6
1988.057534,14.5
1988.060274,14
1988.063014,15.6
1988.065753,12.3
1988.068493,11.6
1988.071233,12.6
1988.073973,14.9
1988.076712,17.3
1988.079452,21.4
1988.082192,23.4
1988.084932,14.4
1988.087671,14.1
1988.090411,15
1988.093151,14.5
1988.095890,15.1
1988.098630,13.9
1988.101370,13.4
1988.104110,9.2
1988.106849,12.5
1988.109589,15.1
1988.112329,12.1
1988.115068,14.5
1988.117808,16.3
1988.120548,16.5
1988.123288,14.9
1988.126027,13.2
1988.128767,11.8
1988.131507,13.6
1988.134247,16.2
1988.136986,14.1
1988.139726,13.5
1988.142466,15
1988.145205,14.8
1988.147945,16.2
1988.150685,16.2
1988.153425,13.3
1988.156164,15.3
1988.158904,18.4
1988.161644,16.2
1988.164384,16.3
1988.167123,12.4
1988.169863,15.6
1988.172603,14.9
1988.175342,14.8
1988.178082,12.7
1988.180822,14.2
1988.183562,16.8
1988.186301,16.7
1988.189041,16.2
1988.191781,14.5
1988.194521,10
1988.197260,12.6
1988.200000,11.9
1988.202740,11.8
1988.205479,13.4
1988.208219,14.5
1988.210959,15.7
1988.213699,15.3
1988.216438,13.9
1988.219178,13.7
1988.221918,15.1
1988.224658,15.6
1988.227397,14.4
1988.230137,13.9
1988.232877,16.2
1988.235616,16.7
1988.238356,15.5
1988.241096,16.4
1988.243836,17.5
1988.246575,18.2
1988.249315,16.1
1988.252055,16.5
1988.254795,14.6
1988.257534,16.4
1988.260274,13.6
1988.263014,15.9
1988.265753,11.9
1988.268493,14.7
1988.271233,9.4
1988.273973,6.6
1988.276712,7.9
1988.279452,11
1988.282192,15.7
1988.284932,15.2
1988.287671,15.9
1988.290411,10.6
1988.293151,8.3
1988.295890,8.6
1988.298630,12.7
1988.301370,10.5
1988.304110,12
1988.306849,11.1
1988.309589,13
1988.312329,12.4
1988.315068,13.3
1988.317808,15.9
1988.320548,12
1988.323288,13.7
1988.326027,17.6
1988.328767,14.3
1988.331507,13.7
1988.334247,15.2
1988.336986,14.5
1988.339726,14.9
1988.342466,15.5
1988.345205,16.4
1988.347945,14.5
1988.350685,12.6
1988.353425,13.6
1988.356164,11.2
1988.358904,11
1988.361644,12
1988.364384,6.8
1988.367123,10.6
1988.369863,13.1
1988.372603,13.5
1988.375342,11.7
1988.378082,13.2
1988.380822,12
1988.383562,10.4
1988.386301,10
1988.389041,8.2
1988.391781,9.4
1988.394521,10.3
1988.397260,8.1
1988.400000,8.7
1988.402740,12.6
1988.405479,10.9
1988.408219,8.7
1988.410959,9.3
1988.413699,6.3
1988.416438,7.8
1988.419178,10
1988.421918,11
1988.424658,11.1
1988.427397,12.6
1988.430137,10.2
1988.432877,11.1
1988.435616,8.7
1988.438356,9.5
1988.441096,9.7
1988.443836,8.2
1988.446575,5
1988.449315,6.5
1988.452055,12.1
1988.454795,8.9
1988.457534,6.1
1988.460274,2.8
1988.463014,3.7
1988.465753,6.8
1988.468493,6.6
1988.471233,7
1988.473973,7.3
1988.476712,7.9
1988.479452,10.6
1988.482192,8.1
1988.484932,6.7
1988.487671,8
1988.490411,10
1988.493151,6.7
1988.495890,9.4
1988.498630,9.3
1988.501370,6
1988.504110,5.8
1988.506849,4.9
1988.509589,5
1988.512329,8.4
1988.515068,12.3
1988.517808,13
1988.520548,11.4
1988.523288,6.8
1988.526027,7.6
1988.528767,12.4
1988.531507,7.1
1988.534247,7.5
1988.536986,10
1988.539726,5.3
1988.542466,6.3
1988.545205,8
1988.547945,8.3
1988.550685,9.3
1988.553425,9.5
1988.556164,5.6
1988.558904,7
1988.561644,8.5
1988.564384,8.5
1988.567123,8.2
1988.569863,8.5
1988.572603,9.6
1988.575342,9.7
1988.578082,7.1
1988.580822,8.4
1988.583562,9.2
1988.586301,9.8
1988.589041,8.1
1988.591781,9.4
1988.594521,10
1988.597260,5.1
1988.600000,6.7
1988.602740,6.9
1988.605479,6.8
1988.608219,8.6
1988.610959,9.1
1988.613699,3.9
1988.616438,4.8
1988.619178,8.4
1988.621918,11.6
1988.624658,12.1
1988.627397,12.4
1988.630137,10
1988.632877,10.1
1988.635616,9.7
1988.638356,11.7
1988.641096,7.9
1988.643836,8.6
1988.646575,7.7
1988.649315,5.8
1988.652055,8.7
1988.654795,10.6
1988.657534,6.7
1988.660274,8.8
1988.663014,9.7
1988.665753,9
1988.668493,11.8
1988.671233,15.2
1988.673973,10
1988.676712,10.5
1988.679452,5.5
1988.682192,9.4
1988.684932,8.8
1988.687671,5.3
1988.690411,13
1988.693151,15.2
1988.695890,13.2
1988.698630,11.5
1988.701370,6.8
1988.704110,4.7
1988.706849,5.2
1988.709589,6.8
1988.712329,10.7
1988.715068,10.1
1988.717808,10
1988.720548,9.8
1988.723288,5.5
1988.726027,13.5
1988.728767,16.6
1988.731507,8.4
1988.734247,8.2
1988.736986,11.1
1988.739726,10.8
1988.742466,8.8
1988.745205,10.8
1988.747945,8.7
1988.750685,12.4
1988.753425,9
1988.756164,13.5
1988.758904,14.7
1988.761644,10.9
1988.764384,8.5
1988.767123,6
1988.769863,12.7
1988.772603,11.1
1988.775342,8.7
1988.778082,12.3
1988.780822,13.3
1988.783562,5.6
1988.786301,13.7
1988.789041,8.5
1988.791781,11.2
1988.794521,8.7
1988.797260,11.7
1988.800000,12.5
1988.802740,8.2
1988.805479,15.6
1988.808219,10.3
1988.810959,11.4
1988.813699,9.7
1988.816438,6.3
1988.819178,14.3
1988.821918,11.3
1988.824658,7.3
1988.827397,12.8
1988.830137,11.9
1988.832877,14.3
1988.835616,11.6
1988.838356,13.2
1988.841096,15.5
1988.843836,14.1
1988.846575,9.5
1988.849315,7.2
1988.852055,11.8
1988.854795,16.8
1988.857534,12.5
1988.860274,9.4
1988.863014,11.9
1988.865753,10.3
1988.868493,16.9
1988.871233,17.5
1988.873973,7.5
1988.876712,8.6
1988.879452,11.1
1988.882192,11.5
1988.884932,10.7
1988.887671,15.7
1988.890411,12.8
1988.893151,13
1988.895890,12.9
1988.898630,14.3
1988.901370,13.7
1988.904110,12.1
1988.906849,11.9
1988.909589,11.8
1988.912329,11.4
1988.915068,10.3
1988.917808,11.7
1988.920548,12
1988.923288,17.4
1988.926027,16.8
1988.928767,16.2
1988.931507,13
1988.934247,12.5
1988.936986,12.4
1988.939726,16.1
1988.942466,20.2
1988.945205,14.3
1988.947945,11
1988.950685,14.4
1988.953425,15.7
1988.956164,19.7
1988.958904,20.7
1988.961644,23.9
1988.964384,16.6
1988.967123,17.5
1988.969863,14.9
1988.972603,13.6
1988.975342,11.9
1988.978082,15.2
1988.980822,17.3
1988.983562,19.8
1988.986301,15.8
1988.989041,9.5
1988.991781,12.9
1988.994521,12.9
1988.997260,14.8
1989.000000,14.1
1989.002740,14.3
1989.005479,17.4
1989.008219,18.5
1989.010959,16.8
1989.013699,11.5
1989.016438,9.5
1989.019178,12.2
1989.021918,15.7
1989.024658,16.3
1989.027397,13.6
1989.030137,12.6
1989.032877,13.8
1989.035616,12.1
1989.038356,13.4
1989.041096,17.3
1989.043836,19.4
1989.046575,16.6
1989.049315,13.9
1989.052055,13.1
1989.054795,16
1989.057534,14.5
1989.060274,15
1989.063014,12.6
1989.065753,12.5
1989.068493,15.2
1989.071233,16.2
1989.073973,16.5
1989.076712,20.1
1989.079452,20.6
1989.082192,16.9
1989.084932,16.5
1989.087671,16.1
1989.090411,14.4
1989.093151,16.3
1989.095890,15.7
1989.098630,14.2
1989.101370,13.2
1989.104110,16.8
1989.106849,18.5
1989.109589,16.7
1989.112329,15.3
1989.115068,15.9
1989.117808,15.2
1989.120548,17.5
1989.123288,18.3
1989.126027,19.4
1989.128767,19.4
1989.131507,19.5
1989.134247,20.5
1989.136986,15.7
1989.139726,15
1989.142466,16.1
1989.145205,14.3
1989.147945,13
1989.150685,16.2
1989.153425,17.7
1989.156164,13.2
1989.158904,15.8
1989.161644,18.5
1989.164384,20.4
1989.167123,22
1989.169863,19.7
1989.172603,19.6
1989.175342,20.3
1989.178082,18.3
1989.180822,18.9
1989.183562,20.3
1989.186301,21.4
1989.189041,18.3
1989.191781,17.8
1989.194521,17.7
1989.197260,12.8
1989.200000,15.1
1989.202740,15
1989.205479,14.8
1989.208219,12
1989.210959,12.5
1989.213699,15
1989.216438,17.1
1989.219178,17.3
1989.221918,16.9
1989.224658,16.5
1989.227397,13.6
1989.230137,13.2
1989.232877,9.4
1989.235616,9.5
1989.238356,11.8
1989.241096,10.4
1989.243836,9.7
1989.246575,12.6
1989.249315,13.3
1989.252055,15.1
1989.254795,14.2
1989.257534,14.2
1989.260274,19.2
1989.263014,12.6
1989.265753,14.2
1989.268493,11.9
1989.271233,13.9
1989.273973,13.5
1989.276712,15.3
1989.279452,13.9
1989.282192,14
1989.284932,12.9
1989.287671,8.5
1989.290411,11.4
1989.293151,10.9
1989.295890,12
1989.298630,8.6
1989.301370,9
1989.304110,9.6
1989.306849,10.2
1989.309589,9.8
1989.312329,8.3
1989.315068,11
1989.317808,11.9
1989.320548,14
1989.323288,15.8
1989.326027,14.5
1989.328767,13.2
1989.331507,14.2
1989.334247,14.6
1989.336986,11.8
1989.339726,14.4
1989.342466,10.4
1989.345205,10.3
1989.347945,10.8
1989.350685,10.5
1989.353425,9.5
1989.356164,12.5
1989.358904,13.7
1989.361644,12.7
1989.364384,11.9
1989.367123,11.4
1989.369863,9.7
1989.372603,8.3
1989.375342,8.1
1989.378082,11.7
1989.380822,11.6
1989.383562,7.4
1989.386301,5.2
1989.389041,11
1989.391781,9.5
1989.394521,9.2
1989.397260,10.7
1989.400000,9
1989.402740,10.2
1989.405479,10.3
1989.408219,12.1
1989.410959,13.2
1989.413699,6.6
1989.416438,2.3
1989.419178,1.4
1989.421918,2.1
1989.424658,6.6
1989.427397,8.9
1989.430137,7.8
1989.432877,9
1989.435616,10.3
1989.438356,7.9
1989.441096,7.2
1989.443836,8.6
1989.446575,8.8
1989.449315,6.2
1989.452055,9.5
1989.454795,10.2
1989.457534,9.7
1989.460274,11.2
1989.463014,10.2
1989.465753,10.1
1989.468493,8.1
1989.471233,6.6
1989.473973,5
1989.476712,4.7
1989.479452,5.3
1989.482192,4.5
1989.484932,2.3
1989.487671,1.4
1989.490411,0.5
1989.493151,2.4
1989.495890,8
1989.498630,6
1989.501370,7.1
1989.504110,9.7
1989.506849,6.9
1989.509589,5.3
1989.512329,7
1989.515068,6.2
1989.517808,7
1989.520548,9.7
1989.523288,8
1989.526027,8.5
1989.528767,7.1
1989.531507,7.5
1989.534247,3.3
1989.536986,1.8
1989.539726,2.6
1989.542466,5.3
1989.545205,5.8
1989.547945,5.8
1989.550685,7.2
1989.553425,5.3
1989.556164,1.6
1989.558904,3.1
1989.561644,5.3
1989.564384,7.7
1989.567123,4.2
1989.569863,5.5
1989.572603,9
1989.575342,11.2
1989.578082,8
1989.580822,7.6
1989.583562,3.7
1989.586301,7.5
1989.589041,8.1
1989.591781,8.4
1989.594521,7.1
1989.597260,7.6
1989.600000,7.6
1989.602740,5.6
1989.605479,7
1989.608219,10.5
1989.610959,7.3
1989.613699,7.8
1989.616438,5.8
1989.619178,3.8
1989.621918,5.8
1989.624658,6.7
1989.627397,6.6
1989.630137,6.6
1989.632877,9
1989.635616,8.1
1989.638356,5.1
1989.641096,8.6
1989.643836,7
1989.646575,5.5
1989.649315,7.4
1989.652055,6.2
1989.654795,4.2
1989.657534,6.3
1989.660274,7
1989.663014,4
1989.665753,8
1989.668493,8.8
1989.671233,8.8
1989.673973,6.1
1989.676712,8.6
1989.679452,8.9
1989.682192,7.8
1989.684932,5
1989.687671,7
1989.690411,13.3
1989.693151,7.9
1989.695890,7.5
1989.698630,8.3
1989.701370,7.2
1989.704110,6.5
1989.706849,8.9
1989.709589,7.4
1989.712329,9.9
1989.715068,9.3
1989.717808,10.6
1989.720548,8.6
1989.723288,7.2
1989.726027,12.6
1989.728767,7.8
1989.731507,6.3
1989.734247,9.2
1989.736986,5.8
1989.739726,9
1989.742466,5
1989.745205,11.9
1989.747945,13.4
1989.750685,10.5
1989.753425,6.2
1989.756164,5.1
1989.758904,9.5
1989.761644,11.7
1989.764384,9.2
1989.767123,7.3
1989.769863,9.7
1989.772603,9.4
1989.775342,10
1989.778082,10.9
1989.780822,11
1989.783562,10.9
1989.786301,8
1989.789041,11.2
1989.791781,7.5
1989.794521,7.2
1989.797260,13.2
1989.800000,12.9
1989.802740,9.4
1989.805479,10.2
1989.808219,9.5
1989.810959,12.4
1989.813699,10.2
1989.816438,13.4
1989.819178,11.6
1989.821918,8
1989.824658,9
1989.827397,9.3
1989.830137,13.5
1989.832877,8
1989.835616,8.1
1989.838356,10
1989.841096,8.5
1989.843836,12.5
1989.846575,15
1989.849315,13.3
1989.852055,11
1989.854795,11.9
1989.857534,8.3
1989.860274,9.7
1989.863014,11.3
1989.865753,12.5
1989.868493,9.4
1989.871233,11.4
1989.873973,13.2
1989.876712,13.8
1989.879452,16
1989.882192,10.9
1989.884932,11.9
1989.887671,12.4
1989.890411,13.2
1989.893151,15.5
1989.895890,21.6
1989.898630,14.9
1989.901370,14.4
1989.904110,12.9
1989.906849,13.1
1989.909589,14
1989.912329,17.9
1989.915068,17.7
1989.917808,16.3
1989.920548,18.3
1989.923288,13.7
1989.926027,13.3
1989.928767,10.6
1989.931507,14.1
1989.934247,16
1989.936986,16.5
1989.939726,14.1
1989.942466,18.7
1989.945205,16.2
1989.947945,14.8
1989.950685,12.6
1989.953425,10.4
1989.956164,12.2
1989.958904,12.6
1989.961644,12.1
1989.964384,17.3
1989.967123,16.4
1989.969863,12.6
1989.972603,12.3
1989.975342,11.8
1989.978082,12
1989.980822,12.7
1989.983562,16.4
1989.986301,16
1989.989041,13.3
1989.991781,11.7
1989.994521,10.4
1989.997260,14.4
1990.000000,12.7
1990.002740,14.8
1990.005479,13.3
1990.008219,15.6
1990.010959,14.5
1990.013699,14.3
1990.016438,15.3
1990.019178,16.4
1990.021918,14.8
1990.024658,17.4
1990.027397,18.8
1990.030137,22.1
1990.032877,19
1990.035616,15.5
1990.038356,15.8
1990.041096,14.7
1990.043836,10.7
1990.046575,11.5
1990.049315,15
1990.052055,14.5
1990.054795,14.5
1990.057534,13.3
1990.060274,14.3
1990.063014,14.3
1990.065753,20.5
1990.068493,15
1990.071233,17.1
1990.073973,16.9
1990.076712,16.9
1990.079452,13.6
1990.082192,16.4
1990.084932,16.1
1990.087671,12
1990.090411,12.2
1990.093151,14.8
1990.095890,14.8
1990.098630,14.4
1990.101370,12.9
1990.104110,13.4
1990.106849,15.9
1990.109589,16.1
1990.112329,17.6
1990.115068,15.6
1990.117808,15
1990.120548,13
1990.123288,14.1
1990.126027,17.3
1990.128767,15.7
1990.131507,18.6
1990.134247,12.7
1990.136986,14
1990.139726,13.7
1990.142466,16.3
1990.145205,20
1990.147945,17
1990.150685,15.2
1990.153425,16.5
1990.156164,16.5
1990.158904,17.3
1990.161644,19.1
1990.164384,19.3
1990.167123,17.3
1990.169863,19
1990.172603,19.8
1990.175342,19.3
1990.178082,17.2
1990.180822,14.2
1990.183562,10.3
1990.186301,13
1990.189041,15.3
1990.191781,15
1990.194521,12.1
1990.197260,9.2
1990.200000,11
1990.202740,15
1990.205479,11.6
1990.208219,11.6
1990.210959,15.1
1990.213699,15
1990.216438,13.6
1990.219178,12.5
1990.221918,14.3
1990.224658,16
1990.227397,17.4
1990.230137,16.9
1990.232877,18
1990.235616,20.6
1990.238356,14.2
1990.241096,10.9
1990.243836,11.9
1990.246575,13.3
1990.249315,15.3
1990.252055,14.7
1990.254795,11
1990.257534,12.2
1990.260274,14.2
1990.263014,17
1990.265753,15.8
1990.268493,15.2
1990.271233,15.1
1990.273973,14.7
1990.276712,18.5
1990.279452,16.4
1990.282192,18.4
1990.284932,15.1
1990.287671,9.9
1990.290411,10.2
1990.293151,12.6
1990.295890,13.2
1990.298630,11.5
1990.301370,13.8
1990.304110,14.5
1990.306849,14.7
1990.309589,11.2
1990.312329,12.7
1990.315068,13.7
1990.317808,11.5
1990.320548,10.4
1990.323288,8.9
1990.326027,11.1
1990.328767,9.5
1990.331507,13
1990.334247,13.9
1990.336986,12.6
1990.339726,14.3
1990.342466,16
1990.345205,13.3
1990.347945,7
1990.350685,4.9
1990.353425,6.9
1990.356164,13.7
1990.358904,10.6
1990.361644,12.3
1990.364384,11.1
1990.367123,10.2
1990.369863,9.5
1990.372603,8.9
1990.375342,13.4
1990.378082,9.1
1990.380822,9.4
1990.383562,8.7
1990.386301,5.8
1990.389041,4.5
1990.391781,7.2
1990.394521,10
1990.397260,10.5
1990.400000,10.7
1990.402740,8.2
1990.405479,6.1
1990.408219,4.5
1990.410959,6.1
1990.413699,9.8
1990.416438,9.7
1990.419178,8.2
1990.421918,8.4
1990.424658,8.5
1990.427397,10.4
1990.430137,6.8
1990.432877,6
1990.435616,6.6
1990.438356,7.8
1990.441096,10.3
1990.443836,7.2
1990.446575,7.4
1990.449315,11.4
1990.452055,5.4
1990.454795,4.4
1990.457534,6.4
1990.460274,9.3
1990.463014,7.7
1990.465753,8.1
1990.468493,8.3
1990.471233,9.1
1990.473973,7.7
1990.476712,10.6
1990.479452,8.2
1990.482192,7.9
1990.484932,5.2
1990.487671,5.9
1990.490411,3.7
1990.493151,5.6
1990.495890,9.4
1990.498630,7.4
1990.501370,7.3
1990.504110,7.7
1990.506849,7.7
1990.509589,9.3
1990.512329,4.4
1990.515068,5.7
1990.517808,10.2
1990.520548,10.2
1990.523288,9.3
1990.526027,5.4
1990.528767,5
1990.531507,7.6
1990.534247,9.6
1990.536986,10.4
1990.539726,11.2
1990.542466,9.1
1990.545205,11.2
1990.547945,6.8
1990.550685,8.3
1990.553425,9.7
1990.556164,9.6
1990.558904,9.8
1990.561644,10.8
1990.564384,9.2
1990.567123,6.5
1990.569863,8.1
1990.572603,7.3
1990.575342,7.9
1990.578082,6
1990.580822,5
1990.583562,6.8
1990.586301,9.8
1990.589041,5.7
1990.591781,8.6
1990.594521,10.6
1990.597260,7.8
1990.600000,7.7
1990.602740,8.6
1990.605479,6.5
1990.608219,6.9
1990.610959,6.4
1990.613699,8.5
1990.616438,7.8
1990.619178,9.3
1990.621918,8.4
1990.624658,7.8
1990.627397,7.4
1990.630137,7.7
1990.632877,8.9
1990.635616,9.7
1990.638356,9.9
1990.641096,6.1
1990.643836,6.6
1990.646575,7.6
1990.649315,7.4
1990.652055,8
1990.654795,2.1
1990.657534,5.9
1990.660274,11.6
1990.663014,8.6
1990.665753,7.9
1990.668493,6
1990.671233,9.5
1990.673973,8.6
1990.676712,7.6
1990.679452,10.4
1990.682192,10.3
1990.684932,7.5
1990.687671,3
1990.690411,5.3
1990.693151,10.5
1990.695890,14.6
1990.698630,12.6
1990.701370,9.8
1990.704110,7.2
1990.706849,10.1
1990.709589,10.4
1990.712329,3.7
1990.715068,7.3
1990.717808,11.6
1990.720548,16.3
1990.723288,9.6
1990.726027,6.8
1990.728767,5.2
1990.731507,10.6
1990.734247,16.3
1990.736986,9.8
1990.739726,4.6
1990.742466,11.1
1990.745205,8.7
1990.747945,10
1990.750685,11.3
1990.753425,10.5
1990.756164,9.9
1990.758904,11
1990.761644,14
1990.764384,9.2
1990.767123,9.8
1990.769863,6
1990.772603,9.8
1990.775342,9.2
1990.778082,11.8
1990.780822,10.3
1990.783562,7.5
1990.786301,7.7
1990.789041,15.8
1990.791781,14.6
1990.794521,10.5
1990.797260,11.3
1990.800000,10.9
1990.802740,6.4
1990.805479,10.9
1990.808219,9
1990.810959,10.9
1990.813699,12.4
1990.816438,11.6
1990.819178,13.3
1990.821918,14.4
1990.824658,18.4
1990.827397,13.6
1990.830137,14.9
1990.832877,14.8
1990.835616,15.4
1990.838356,11.8
1990.841096,13
1990.843836,11.1
1990.846575,12.5
1990.849315,18.3
1990.852055,19.2
1990.854795,15.4
1990.857534,13.1
1990.860274,11.5
1990.863014,8.6
1990.865753,12.6
1990.868493,13.8
1990.871233,14.6
1990.873973,13.2
1990.876712,12.3
1990.879452,8.8
1990.882192,10.7
1990.884932,9.9
1990.887671,8.3
1990.890411,15
1990.893151,12.2
1990.895890,10.5
1990.898630,11.1
1990.901370,13
1990.904110,12.9
1990.906849,8.8
1990.909589,14.7
1990.912329,14.7
1990.915068,12.7
1990.917808,13.3
1990.920548,13.2
1990.923288,16.2
1990.926027,17.3
1990.928767,20.5
1990.931507,20.2
1990.934247,19.4
1990.936986,15.5
1990.939726,14.1
1990.942466,11
1990.945205,11.1
1990.947945,14
1990.950685,11.4
1990.953425,12.5
1990.956164,13.4
1990.958904,13.6
1990.961644,13.9
1990.964384,17.2
1990.967123,14.7
1990.969863,15.4
1990.972603,13.1
1990.975342,13.2
1990.978082,13.9
1990.980822,10
1990.983562,12.9
1990.986301,14.6
1990.989041,14
1990.991781,13.6
1990.994521,13.5
1990.997260,15.7
1991.000000,13
